Sensor_ID,Timestamp,Voltage (V),Current (A),Temperature (°C),Power (W),Humidity (%),Vibration (m/s²),Equipment_ID,Operational Status,Fault Status,Failure Type,Last Maintenance Date,Maintenance Type,Failure History,Repair Time (hrs),Maintenance Costs (USD),Ambient Temperature (°C),Ambient Humidity (%),External Factors,X,Y,Z,Equipment Relationship,Equipment Criticality,Fault Detected,Predictive Maintenance Trigger
S_1,2024-01-01 00:00:00,110,0.5,20,55.0,40,0.2,E_1,Operational,Fault Detected,Overload,2024-12-01,Preventive,Fault Detected,5,150,20,40,Clear Weather,0,0,0,Independent,High,1,1
S_2,2024-01-01 01:00:00,111,0.6,21,66.6,41,0.25,E_2,Under Maintenance,No Fault,None,2024-12-01,Corrective,No Fault,0,160,21,41,Storm,1,1,1,Dependent,Medium,0,0
S_3,2024-01-01 02:00:00,112,0.7,22,78.4,42,0.3,E_3,Operational,No Fault,None,2024-12-01,Preventive,No Fault,0,170,22,42,Clear Weather,2,2,2,Dependent,High,0,0
S_4,2024-01-01 03:00:00,113,0.8,23,90.4,43,0.35,E_4,Under Maintenance,Fault Detected,None,2024-12-01,Corrective,No Fault,8,180,23,43,Storm,3,3,3,Independent,Medium,1,0
S_5,2024-01-01 04:00:00,114,0.9,24,102.6,44,0.4,E_5,Operational,No Fault,Overload,2024-12-01,Preventive,No Fault,0,190,24,44,Clear Weather,4,4,4,Dependent,High,0,1
S_6,2024-01-01 05:00:00,115,0.5,25,57.5,45,0.2,E_6,Under Maintenance,No Fault,Overheating,2024-12-01,Corrective,No Fault,0,200,20,40,Storm,5,5,5,Dependent,Medium,0,0
S_7,2024-01-01 06:00:00,116,0.6,26,69.6,46,0.25,E_7,Operational,Fault Detected,None,2024-12-01,Preventive,Fault Detected,6,210,21,41,Clear Weather,6,6,6,Independent,High,1,0
S_8,2024-01-01 07:00:00,117,0.7,27,81.9,47,0.3,E_8,Under Maintenance,No Fault,None,2024-12-01,Corrective,No Fault,0,220,22,42,Storm,7,7,7,Dependent,Medium,0,0
S_9,2024-01-01 08:00:00,118,0.8,28,94.4,48,0.35,E_9,Operational,No Fault,Overload,2024-12-01,Preventive,No Fault,0,230,23,43,Clear Weather,8,8,8,Dependent,High,0,1
S_10,2024-01-01 09:00:00,119,0.9,29,107.1,49,0.4,E_10,Under Maintenance,Fault Detected,None,2024-12-01,Corrective,No Fault,9,240,24,44,Storm,9,9,9,Independent,Medium,1,0
S_11,2024-01-01 10:00:00,110,0.5,20,55.0,40,0.2,E_11,Operational,No Fault,Overheating,2024-12-01,Preventive,No Fault,0,150,20,40,Clear Weather,10,10,10,Dependent,High,0,0
S_12,2024-01-01 11:00:00,111,0.6,21,66.6,41,0.25,E_12,Under Maintenance,No Fault,None,2024-12-01,Corrective,No Fault,0,160,21,41,Storm,11,11,11,Dependent,Medium,0,0
S_13,2024-01-01 12:00:00,112,0.7,22,78.4,42,0.3,E_13,Operational,Fault Detected,Overload,2024-12-01,Preventive,Fault Detected,7,170,22,42,Clear Weather,12,12,12,Independent,High,1,1
S_14,2024-01-01 13:00:00,113,0.8,23,90.4,43,0.35,E_14,Under Maintenance,No Fault,None,2024-12-01,Corrective,No Fault,0,180,23,43,Storm,13,13,13,Dependent,Medium,0,0
S_15,2024-01-01 14:00:00,114,0.9,24,102.6,44,0.4,E_15,Operational,No Fault,None,2024-12-01,Preventive,No Fault,0,190,24,44,Clear Weather,14,14,14,Dependent,High,0,0
S_16,2024-01-01 15:00:00,115,0.5,25,57.5,45,0.2,E_16,Under Maintenance,Fault Detected,Overheating,2024-12-01,Corrective,No Fault,5,200,20,40,Storm,15,15,15,Independent,Medium,1,0
S_17,2024-01-01 16:00:00,116,0.6,26,69.6,46,0.25,E_17,Operational,No Fault,Overload,2024-12-01,Preventive,No Fault,0,210,21,41,Clear Weather,16,16,16,Dependent,High,0,1
S_18,2024-01-01 17:00:00,117,0.7,27,81.9,47,0.3,E_18,Under Maintenance,No Fault,None,2024-12-01,Corrective,No Fault,0,220,22,42,Storm,17,17,17,Dependent,Medium,0,0
S_19,2024-01-01 18:00:00,118,0.8,28,94.4,48,0.35,E_19,Operational,Fault Detected,None,2024-12-01,Preventive,Fault Detected,8,230,23,43,Clear Weather,18,18,18,Independent,High,1,0
S_20,2024-01-01 19:00:00,119,0.9,29,107.1,49,0.4,E_20,Under Maintenance,No Fault,None,2024-12-01,Corrective,No Fault,0,240,24,44,Storm,19,19,19,Dependent,Medium,0,0
S_21,2024-01-01 20:00:00,110,0.5,20,55.0,40,0.2,E_21,Operational,No Fault,Overload,2024-12-01,Preventive,No Fault,0,150,20,40,Clear Weather,20,20,20,Dependent,High,0,1
S_22,2024-01-01 21:00:00,111,0.6,21,66.6,41,0.25,E_22,Under Maintenance,Fault Detected,None,2024-12-01,Corrective,No Fault,6,160,21,41,Storm,21,21,21,Independent,Medium,1,0
S_23,2024-01-01 22:00:00,112,0.7,22,78.4,42,0.3,E_23,Operational,No Fault,None,2024-12-01,Preventive,No Fault,0,170,22,42,Clear Weather,22,22,22,Dependent,High,0,0
S_24,2024-01-01 23:00:00,113,0.8,23,90.4,43,0.35,E_24,Under Maintenance,No Fault,None,2024-12-01,Corrective,No Fault,0,180,23,43,Storm,23,23,23,Dependent,Medium,0,0
S_25,2024-01-02 00:00:00,114,0.9,24,102.6,44,0.4,E_25,Operational,Fault Detected,Overload,2024-12-01,Preventive,Fault Detected,9,190,24,44,Clear Weather,24,24,24,Independent,High,1,1
S_26,2024-01-02 01:00:00,115,0.5,25,57.5,45,0.2,E_26,Under Maintenance,No Fault,Overheating,2024-12-01,Corrective,No Fault,0,200,20,40,Storm,25,25,25,Dependent,Medium,0,0
S_27,2024-01-02 02:00:00,116,0.6,26,69.6,46,0.25,E_27,Operational,No Fault,None,2024-12-01,Preventive,No Fault,0,210,21,41,Clear Weather,26,26,26,Dependent,High,0,0
S_28,2024-01-02 03:00:00,117,0.7,27,81.9,47,0.3,E_28,Under Maintenance,Fault Detected,None,2024-12-01,Corrective,No Fault,7,220,22,42,Storm,27,27,27,Independent,Medium,1,0
S_29,2024-01-02 04:00:00,118,0.8,28,94.4,48,0.35,E_29,Operational,No Fault,Overload,2024-12-01,Preventive,No Fault,0,230,23,43,Clear Weather,28,28,28,Dependent,High,0,1
S_30,2024-01-02 05:00:00,119,0.9,29,107.1,49,0.4,E_30,Under Maintenance,No Fault,None,2024-12-01,Corrective,No Fault,0,240,24,44,Storm,29,29,29,Dependent,Medium,0,0
S_31,2024-01-02 06:00:00,110,0.5,20,55.0,40,0.2,E_31,Operational,Fault Detected,Overheating,2024-12-01,Preventive,Fault Detected,5,150,20,40,Clear Weather,30,30,0,Independent,High,1,0
S_32,2024-01-02 07:00:00,111,0.6,21,66.6,41,0.25,E_32,Under Maintenance,No Fault,None,2024-12-01,Corrective,No Fault,0,160,21,41,Storm,31,31,1,Dependent,Medium,0,0
S_33,2024-01-02 08:00:00,112,0.7,22,78.4,42,0.3,E_33,Operational,No Fault,Overload,2024-12-01,Preventive,No Fault,0,170,22,42,Clear Weather,32,32,2,Dependent,High,0,1
S_34,2024-01-02 09:00:00,113,0.8,23,90.4,43,0.35,E_34,Under Maintenance,Fault Detected,None,2024-12-01,Corrective,No Fault,8,180,23,43,Storm,33,33,3,Independent,Medium,1,0
S_35,2024-01-02 10:00:00,114,0.9,24,102.6,44,0.4,E_35,Operational,No Fault,None,2024-12-01,Preventive,No Fault,0,190,24,44,Clear Weather,34,34,4,Dependent,High,0,0
S_36,2024-01-02 11:00:00,115,0.5,25,57.5,45,0.2,E_36,Under Maintenance,No Fault,Overheating,2024-12-01,Corrective,No Fault,0,200,20,40,Storm,35,35,5,Dependent,Medium,0,0
S_37,2024-01-02 12:00:00,116,0.6,26,69.6,46,0.25,E_37,Operational,Fault Detected,Overload,2024-12-01,Preventive,Fault Detected,6,210,21,41,Clear Weather,36,36,6,Independent,High,1,1
S_38,2024-01-02 13:00:00,117,0.7,27,81.9,47,0.3,E_38,Under Maintenance,No Fault,None,2024-12-01,Corrective,No Fault,0,220,22,42,Storm,37,37,7,Dependent,Medium,0,0
S_39,2024-01-02 14:00:00,118,0.8,28,94.4,48,0.35,E_39,Operational,No Fault,None,2024-12-01,Preventive,No Fault,0,230,23,43,Clear Weather,38,38,8,Dependent,High,0,0
S_40,2024-01-02 15:00:00,119,0.9,29,107.1,49,0.4,E_40,Under Maintenance,Fault Detected,None,2024-12-01,Corrective,No Fault,9,240,24,44,Storm,39,39,9,Independent,Medium,1,0
S_41,2024-01-02 16:00:00,110,0.5,20,55.0,40,0.2,E_41,Operational,No Fault,Overload,2024-12-01,Preventive,No Fault,0,150,20,40,Clear Weather,40,40,10,Dependent,High,0,1
S_42,2024-01-02 17:00:00,111,0.6,21,66.6,41,0.25,E_42,Under Maintenance,No Fault,None,2024-12-01,Corrective,No Fault,0,160,21,41,Storm,41,41,11,Dependent,Medium,0,0
S_43,2024-01-02 18:00:00,112,0.7,22,78.4,42,0.3,E_43,Operational,Fault Detected,None,2024-12-01,Preventive,Fault Detected,7,170,22,42,Clear Weather,42,42,12,Independent,High,1,0
S_44,2024-01-02 19:00:00,113,0.8,23,90.4,43,0.35,E_44,Under Maintenance,No Fault,None,2024-12-01,Corrective,No Fault,0,180,23,43,Storm,43,43,13,Dependent,Medium,0,0
S_45,2024-01-02 20:00:00,114,0.9,24,102.6,44,0.4,E_45,Operational,No Fault,Overload,2024-12-01,Preventive,No Fault,0,190,24,44,Clear Weather,44,44,14,Dependent,High,0,1
S_46,2024-01-02 21:00:00,115,0.5,25,57.5,45,0.2,E_46,Under Maintenance,Fault Detected,Overheating,2024-12-01,Corrective,No Fault,5,200,20,40,Storm,45,45,15,Independent,Medium,1,0
S_47,2024-01-02 22:00:00,116,0.6,26,69.6,46,0.25,E_47,Operational,No Fault,None,2024-12-01,Preventive,No Fault,0,210,21,41,Clear Weather,46,46,16,Dependent,High,0,0
S_48,2024-01-02 23:00:00,117,0.7,27,81.9,47,0.3,E_48,Under Maintenance,No Fault,None,2024-12-01,Corrective,No Fault,0,220,22,42,Storm,47,47,17,Dependent,Medium,0,0
S_49,2024-01-03 00:00:00,118,0.8,28,94.4,48,0.35,E_49,Operational,Fault Detected,Overload,2024-12-01,Preventive,Fault Detected,8,230,23,43,Clear Weather,48,48,18,Independent,High,1,1
S_50,2024-01-03 01:00:00,119,0.9,29,107.1,49,0.4,E_50,Under Maintenance,No Fault,None,2024-12-01,Corrective,No Fault,0,240,24,44,Storm,49,49,19,Dependent,Medium,0,0
S_51,2024-01-03 02:00:00,110,0.5,20,55.0,40,0.2,E_1,Operational,No Fault,Overheating,2024-12-01,Preventive,No Fault,0,150,20,40,Clear Weather,50,0,20,Dependent,High,0,0
S_52,2024-01-03 03:00:00,111,0.6,21,66.6,41,0.25,E_2,Under Maintenance,Fault Detected,None,2024-12-01,Corrective,No Fault,6,160,21,41,Storm,51,1,21,Independent,Medium,1,0
S_53,2024-01-03 04:00:00,112,0.7,22,78.4,42,0.3,E_3,Operational,No Fault,Overload,2024-12-01,Preventive,No Fault,0,170,22,42,Clear Weather,52,2,22,Dependent,High,0,1
S_54,2024-01-03 05:00:00,113,0.8,23,90.4,43,0.35,E_4,Under Maintenance,No Fault,None,2024-12-01,Corrective,No Fault,0,180,23,43,Storm,53,3,23,Dependent,Medium,0,0
S_55,2024-01-03 06:00:00,114,0.9,24,102.6,44,0.4,E_5,Operational,Fault Detected,None,2024-12-01,Preventive,Fault Detected,9,190,24,44,Clear Weather,54,4,24,Independent,High,1,0
S_56,2024-01-03 07:00:00,115,0.5,25,57.5,45,0.2,E_6,Under Maintenance,No Fault,Overheating,2024-12-01,Corrective,No Fault,0,200,20,40,Storm,55,5,25,Dependent,Medium,0,0
S_57,2024-01-03 08:00:00,116,0.6,26,69.6,46,0.25,E_7,Operational,No Fault,Overload,2024-12-01,Preventive,No Fault,0,210,21,41,Clear Weather,56,6,26,Dependent,High,0,1
S_58,2024-01-03 09:00:00,117,0.7,27,81.9,47,0.3,E_8,Under Maintenance,Fault Detected,None,2024-12-01,Corrective,No Fault,7,220,22,42,Storm,57,7,27,Independent,Medium,1,0
S_59,2024-01-03 10:00:00,118,0.8,28,94.4,48,0.35,E_9,Operational,No Fault,None,2024-12-01,Preventive,No Fault,0,230,23,43,Clear Weather,58,8,28,Dependent,High,0,0
S_60,2024-01-03 11:00:00,119,0.9,29,107.1,49,0.4,E_10,Under Maintenance,No Fault,None,2024-12-01,Corrective,No Fault,0,240,24,44,Storm,59,9,29,Dependent,Medium,0,0
S_61,2024-01-03 12:00:00,110,0.5,20,55.0,40,0.2,E_11,Operational,Fault Detected,Overload,2024-12-01,Preventive,Fault Detected,5,150,20,40,Clear Weather,60,10,0,Independent,High,1,1
S_62,2024-01-03 13:00:00,111,0.6,21,66.6,41,0.25,E_12,Under Maintenance,No Fault,None,2024-12-01,Corrective,No Fault,0,160,21,41,Storm,61,11,1,Dependent,Medium,0,0
S_63,2024-01-03 14:00:00,112,0.7,22,78.4,42,0.3,E_13,Operational,No Fault,None,2024-12-01,Preventive,No Fault,0,170,22,42,Clear Weather,62,12,2,Dependent,High,0,0
S_64,2024-01-03 15:00:00,113,0.8,23,90.4,43,0.35,E_14,Under Maintenance,Fault Detected,None,2024-12-01,Corrective,No Fault,8,180,23,43,Storm,63,13,3,Independent,Medium,1,0
S_65,2024-01-03 16:00:00,114,0.9,24,102.6,44,0.4,E_15,Operational,No Fault,Overload,2024-12-01,Preventive,No Fault,0,190,24,44,Clear Weather,64,14,4,Dependent,High,0,1
S_66,2024-01-03 17:00:00,115,0.5,25,57.5,45,0.2,E_16,Under Maintenance,No Fault,Overheating,2024-12-01,Corrective,No Fault,0,200,20,40,Storm,65,15,5,Dependent,Medium,0,0
S_67,2024-01-03 18:00:00,116,0.6,26,69.6,46,0.25,E_17,Operational,Fault Detected,None,2024-12-01,Preventive,Fault Detected,6,210,21,41,Clear Weather,66,16,6,Independent,High,1,0
S_68,2024-01-03 19:00:00,117,0.7,27,81.9,47,0.3,E_18,Under Maintenance,No Fault,None,2024-12-01,Corrective,No Fault,0,220,22,42,Storm,67,17,7,Dependent,Medium,0,0
S_69,2024-01-03 20:00:00,118,0.8,28,94.4,48,0.35,E_19,Operational,No Fault,Overload,2024-12-01,Preventive,No Fault,0,230,23,43,Clear Weather,68,18,8,Dependent,High,0,1
S_70,2024-01-03 21:00:00,119,0.9,29,107.1,49,0.4,E_20,Under Maintenance,Fault Detected,None,2024-12-01,Corrective,No Fault,9,240,24,44,Storm,69,19,9,Independent,Medium,1,0
S_71,2024-01-03 22:00:00,110,0.5,20,55.0,40,0.2,E_21,Operational,No Fault,Overheating,2024-12-01,Preventive,No Fault,0,150,20,40,Clear Weather,70,20,10,Dependent,High,0,0
S_72,2024-01-03 23:00:00,111,0.6,21,66.6,41,0.25,E_22,Under Maintenance,No Fault,None,2024-12-01,Corrective,No Fault,0,160,21,41,Storm,71,21,11,Dependent,Medium,0,0
S_73,2024-01-04 00:00:00,112,0.7,22,78.4,42,0.3,E_23,Operational,Fault Detected,Overload,2024-12-01,Preventive,Fault Detected,7,170,22,42,Clear Weather,72,22,12,Independent,High,1,1
S_74,2024-01-04 01:00:00,113,0.8,23,90.4,43,0.35,E_24,Under Maintenance,No Fault,None,2024-12-01,Corrective,No Fault,0,180,23,43,Storm,73,23,13,Dependent,Medium,0,0
S_75,2024-01-04 02:00:00,114,0.9,24,102.6,44,0.4,E_25,Operational,No Fault,None,2024-12-01,Preventive,No Fault,0,190,24,44,Clear Weather,74,24,14,Dependent,High,0,0
S_76,2024-01-04 03:00:00,115,0.5,25,57.5,45,0.2,E_26,Under Maintenance,Fault Detected,Overheating,2024-12-01,Corrective,No Fault,5,200,20,40,Storm,75,25,15,Independent,Medium,1,0
S_77,2024-01-04 04:00:00,116,0.6,26,69.6,46,0.25,E_27,Operational,No Fault,Overload,2024-12-01,Preventive,No Fault,0,210,21,41,Clear Weather,76,26,16,Dependent,High,0,1
S_78,2024-01-04 05:00:00,117,0.7,27,81.9,47,0.3,E_28,Under Maintenance,No Fault,None,2024-12-01,Corrective,No Fault,0,220,22,42,Storm,77,27,17,Dependent,Medium,0,0
S_79,2024-01-04 06:00:00,118,0.8,28,94.4,48,0.35,E_29,Operational,Fault Detected,None,2024-12-01,Preventive,Fault Detected,8,230,23,43,Clear Weather,78,28,18,Independent,High,1,0
S_80,2024-01-04 07:00:00,119,0.9,29,107.1,49,0.4,E_30,Under Maintenance,No Fault,None,2024-12-01,Corrective,No Fault,0,240,24,44,Storm,79,29,19,Dependent,Medium,0,0
S_81,2024-01-04 08:00:00,110,0.5,20,55.0,40,0.2,E_31,Operational,No Fault,Overload,2024-12-01,Preventive,No Fault,0,150,20,40,Clear Weather,80,30,20,Dependent,High,0,1
S_82,2024-01-04 09:00:00,111,0.6,21,66.6,41,0.25,E_32,Under Maintenance,Fault Detected,None,2024-12-01,Corrective,No Fault,6,160,21,41,Storm,81,31,21,Independent,Medium,1,0
S_83,2024-01-04 10:00:00,112,0.7,22,78.4,42,0.3,E_33,Operational,No Fault,None,2024-12-01,Preventive,No Fault,0,170,22,42,Clear Weather,82,32,22,Dependent,High,0,0
S_84,2024-01-04 11:00:00,113,0.8,23,90.4,43,0.35,E_34,Under Maintenance,No Fault,None,2024-12-01,Corrective,No Fault,0,180,23,43,Storm,83,33,23,Dependent,Medium,0,0
S_85,2024-01-04 12:00:00,114,0.9,24,102.6,44,0.4,E_35,Operational,Fault Detected,Overload,2024-12-01,Preventive,Fault Detected,9,190,24,44,Clear Weather,84,34,24,Independent,High,1,1
S_86,2024-01-04 13:00:00,115,0.5,25,57.5,45,0.2,E_36,Under Maintenance,No Fault,Overheating,2024-12-01,Corrective,No Fault,0,200,20,40,Storm,85,35,25,Dependent,Medium,0,0
S_87,2024-01-04 14:00:00,116,0.6,26,69.6,46,0.25,E_37,Operational,No Fault,None,2024-12-01,Preventive,No Fault,0,210,21,41,Clear Weather,86,36,26,Dependent,High,0,0
S_88,2024-01-04 15:00:00,117,0.7,27,81.9,47,0.3,E_38,Under Maintenance,Fault Detected,None,2024-12-01,Corrective,No Fault,7,220,22,42,Storm,87,37,27,Independent,Medium,1,0
S_89,2024-01-04 16:00:00,118,0.8,28,94.4,48,0.35,E_39,Operational,No Fault,Overload,2024-12-01,Preventive,No Fault,0,230,23,43,Clear Weather,88,38,28,Dependent,High,0,1
S_90,2024-01-04 17:00:00,119,0.9,29,107.1,49,0.4,E_40,Under Maintenance,No Fault,None,2024-12-01,Corrective,No Fault,0,240,24,44,Storm,89,39,29,Dependent,Medium,0,0
S_91,2024-01-04 18:00:00,110,0.5,20,55.0,40,0.2,E_41,Operational,Fault Detected,Overheating,2024-12-01,Preventive,Fault Detected,5,150,20,40,Clear Weather,90,40,0,Independent,High,1,0
S_92,2024-01-04 19:00:00,111,0.6,21,66.6,41,0.25,E_42,Under Maintenance,No Fault,None,2024-12-01,Corrective,No Fault,0,160,21,41,Storm,91,41,1,Dependent,Medium,0,0
S_93,2024-01-04 20:00:00,112,0.7,22,78.4,42,0.3,E_43,Operational,No Fault,Overload,2024-12-01,Preventive,No Fault,0,170,22,42,Clear Weather,92,42,2,Dependent,High,0,1
S_94,2024-01-04 21:00:00,113,0.8,23,90.4,43,0.35,E_44,Under Maintenance,Fault Detected,None,2024-12-01,Corrective,No Fault,8,180,23,43,Storm,93,43,3,Independent,Medium,1,0
S_95,2024-01-04 22:00:00,114,0.9,24,102.6,44,0.4,E_45,Operational,No Fault,None,2024-12-01,Preventive,No Fault,0,190,24,44,Clear Weather,94,44,4,Dependent,High,0,0
S_96,2024-01-04 23:00:00,115,0.5,25,57.5,45,0.2,E_46,Under Maintenance,No Fault,Overheating,2024-12-01,Corrective,No Fault,0,200,20,40,Storm,95,45,5,Dependent,Medium,0,0
S_97,2024-01-05 00:00:00,116,0.6,26,69.6,46,0.25,E_47,Operational,Fault Detected,Overload,2024-12-01,Preventive,Fault Detected,6,210,21,41,Clear Weather,96,46,6,Independent,High,1,1
S_98,2024-01-05 01:00:00,117,0.7,27,81.9,47,0.3,E_48,Under Maintenance,No Fault,None,2024-12-01,Corrective,No Fault,0,220,22,42,Storm,97,47,7,Dependent,Medium,0,0
S_99,2024-01-05 02:00:00,118,0.8,28,94.4,48,0.35,E_49,Operational,No Fault,None,2024-12-01,Preventive,No Fault,0,230,23,43,Clear Weather,98,48,8,Dependent,High,0,0
S_100,2024-01-05 03:00:00,119,0.9,29,107.1,49,0.4,E_50,Under Maintenance,Fault Detected,None,2024-12-01,Corrective,No Fault,9,240,24,44,Storm,99,49,9,Independent,Medium,1,0
S_101,2024-01-05 04:00:00,110,0.5,20,55.0,40,0.2,E_1,Operational,No Fault,Overload,2024-12-01,Preventive,No Fault,0,150,20,40,Clear Weather,0,0,10,Dependent,High,0,1
S_102,2024-01-05 05:00:00,111,0.6,21,66.6,41,0.25,E_2,Under Maintenance,No Fault,None,2024-12-01,Corrective,No Fault,0,160,21,41,Storm,1,1,11,Dependent,Medium,0,0
S_103,2024-01-05 06:00:00,112,0.7,22,78.4,42,0.3,E_3,Operational,Fault Detected,None,2024-12-01,Preventive,Fault Detected,7,170,22,42,Clear Weather,2,2,12,Independent,High,1,0
S_104,2024-01-05 07:00:00,113,0.8,23,90.4,43,0.35,E_4,Under Maintenance,No Fault,None,2024-12-01,Corrective,No Fault,0,180,23,43,Storm,3,3,13,Dependent,Medium,0,0
S_105,2024-01-05 08:00:00,114,0.9,24,102.6,44,0.4,E_5,Operational,No Fault,Overload,2024-12-01,Preventive,No Fault,0,190,24,44,Clear Weather,4,4,14,Dependent,High,0,1
S_106,2024-01-05 09:00:00,115,0.5,25,57.5,45,0.2,E_6,Under Maintenance,Fault Detected,Overheating,2024-12-01,Corrective,No Fault,5,200,20,40,Storm,5,5,15,Independent,Medium,1,0
S_107,2024-01-05 10:00:00,116,0.6,26,69.6,46,0.25,E_7,Operational,No Fault,None,2024-12-01,Preventive,No Fault,0,210,21,41,Clear Weather,6,6,16,Dependent,High,0,0
S_108,2024-01-05 11:00:00,117,0.7,27,81.9,47,0.3,E_8,Under Maintenance,No Fault,None,2024-12-01,Corrective,No Fault,0,220,22,42,Storm,7,7,17,Dependent,Medium,0,0
S_109,2024-01-05 12:00:00,118,0.8,28,94.4,48,0.35,E_9,Operational,Fault Detected,Overload,2024-12-01,Preventive,Fault Detected,8,230,23,43,Clear Weather,8,8,18,Independent,High,1,1
S_110,2024-01-05 13:00:00,119,0.9,29,107.1,49,0.4,E_10,Under Maintenance,No Fault,None,2024-12-01,Corrective,No Fault,0,240,24,44,Storm,9,9,19,Dependent,Medium,0,0
S_111,2024-01-05 14:00:00,110,0.5,20,55.0,40,0.2,E_11,Operational,No Fault,Overheating,2024-12-01,Preventive,No Fault,0,150,20,40,Clear Weather,10,10,20,Dependent,High,0,0
S_112,2024-01-05 15:00:00,111,0.6,21,66.6,41,0.25,E_12,Under Maintenance,Fault Detected,None,2024-12-01,Corrective,No Fault,6,160,21,41,Storm,11,11,21,Independent,Medium,1,0
S_113,2024-01-05 16:00:00,112,0.7,22,78.4,42,0.3,E_13,Operational,No Fault,Overload,2024-12-01,Preventive,No Fault,0,170,22,42,Clear Weather,12,12,22,Dependent,High,0,1
S_114,2024-01-05 17:00:00,113,0.8,23,90.4,43,0.35,E_14,Under Maintenance,No Fault,None,2024-12-01,Corrective,No Fault,0,180,23,43,Storm,13,13,23,Dependent,Medium,0,0
S_115,2024-01-05 18:00:00,114,0.9,24,102.6,44,0.4,E_15,Operational,Fault Detected,None,2024-12-01,Preventive,Fault Detected,9,190,24,44,Clear Weather,14,14,24,Independent,High,1,0
S_116,2024-01-05 19:00:00,115,0.5,25,57.5,45,0.2,E_16,Under Maintenance,No Fault,Overheating,2024-12-01,Corrective,No Fault,0,200,20,40,Storm,15,15,25,Dependent,Medium,0,0
S_117,2024-01-05 20:00:00,116,0.6,26,69.6,46,0.25,E_17,Operational,No Fault,Overload,2024-12-01,Preventive,No Fault,0,210,21,41,Clear Weather,16,16,26,Dependent,High,0,1
S_118,2024-01-05 21:00:00,117,0.7,27,81.9,47,0.3,E_18,Under Maintenance,Fault Detected,None,2024-12-01,Corrective,No Fault,7,220,22,42,Storm,17,17,27,Independent,Medium,1,0
S_119,2024-01-05 22:00:00,118,0.8,28,94.4,48,0.35,E_19,Operational,No Fault,None,2024-12-01,Preventive,No Fault,0,230,23,43,Clear Weather,18,18,28,Dependent,High,0,0
S_120,2024-01-05 23:00:00,119,0.9,29,107.1,49,0.4,E_20,Under Maintenance,No Fault,None,2024-12-01,Corrective,No Fault,0,240,24,44,Storm,19,19,29,Dependent,Medium,0,0
S_121,2024-01-06 00:00:00,110,0.5,20,55.0,40,0.2,E_21,Operational,Fault Detected,Overload,2024-12-01,Preventive,Fault Detected,5,150,20,40,Clear Weather,20,20,0,Independent,High,1,1
S_122,2024-01-06 01:00:00,111,0.6,21,66.6,41,0.25,E_22,Under Maintenance,No Fault,None,2024-12-01,Corrective,No Fault,0,160,21,41,Storm,21,21,1,Dependent,Medium,0,0
S_123,2024-01-06 02:00:00,112,0.7,22,78.4,42,0.3,E_23,Operational,No Fault,None,2024-12-01,Preventive,No Fault,0,170,22,42,Clear Weather,22,22,2,Dependent,High,0,0
S_124,2024-01-06 03:00:00,113,0.8,23,90.4,43,0.35,E_24,Under Maintenance,Fault Detected,None,2024-12-01,Corrective,No Fault,8,180,23,43,Storm,23,23,3,Independent,Medium,1,0
S_125,2024-01-06 04:00:00,114,0.9,24,102.6,44,0.4,E_25,Operational,No Fault,Overload,2024-12-01,Preventive,No Fault,0,190,24,44,Clear Weather,24,24,4,Dependent,High,0,1
S_126,2024-01-06 05:00:00,115,0.5,25,57.5,45,0.2,E_26,Under Maintenance,No Fault,Overheating,2024-12-01,Corrective,No Fault,0,200,20,40,Storm,25,25,5,Dependent,Medium,0,0
S_127,2024-01-06 06:00:00,116,0.6,26,69.6,46,0.25,E_27,Operational,Fault Detected,None,2024-12-01,Preventive,Fault Detected,6,210,21,41,Clear Weather,26,26,6,Independent,High,1,0
S_128,2024-01-06 07:00:00,117,0.7,27,81.9,47,0.3,E_28,Under Maintenance,No Fault,None,2024-12-01,Corrective,No Fault,0,220,22,42,Storm,27,27,7,Dependent,Medium,0,0
S_129,2024-01-06 08:00:00,118,0.8,28,94.4,48,0.35,E_29,Operational,No Fault,Overload,2024-12-01,Preventive,No Fault,0,230,23,43,Clear Weather,28,28,8,Dependent,High,0,1
S_130,2024-01-06 09:00:00,119,0.9,29,107.1,49,0.4,E_30,Under Maintenance,Fault Detected,None,2024-12-01,Corrective,No Fault,9,240,24,44,Storm,29,29,9,Independent,Medium,1,0
S_131,2024-01-06 10:00:00,110,0.5,20,55.0,40,0.2,E_31,Operational,No Fault,Overheating,2024-12-01,Preventive,No Fault,0,150,20,40,Clear Weather,30,30,10,Dependent,High,0,0
S_132,2024-01-06 11:00:00,111,0.6,21,66.6,41,0.25,E_32,Under Maintenance,No Fault,None,2024-12-01,Corrective,No Fault,0,160,21,41,Storm,31,31,11,Dependent,Medium,0,0
S_133,2024-01-06 12:00:00,112,0.7,22,78.4,42,0.3,E_33,Operational,Fault Detected,Overload,2024-12-01,Preventive,Fault Detected,7,170,22,42,Clear Weather,32,32,12,Independent,High,1,1
S_134,2024-01-06 13:00:00,113,0.8,23,90.4,43,0.35,E_34,Under Maintenance,No Fault,None,2024-12-01,Corrective,No Fault,0,180,23,43,Storm,33,33,13,Dependent,Medium,0,0
S_135,2024-01-06 14:00:00,114,0.9,24,102.6,44,0.4,E_35,Operational,No Fault,None,2024-12-01,Preventive,No Fault,0,190,24,44,Clear Weather,34,34,14,Dependent,High,0,0
S_136,2024-01-06 15:00:00,115,0.5,25,57.5,45,0.2,E_36,Under Maintenance,Fault Detected,Overheating,2024-12-01,Corrective,No Fault,5,200,20,40,Storm,35,35,15,Independent,Medium,1,0
S_137,2024-01-06 16:00:00,116,0.6,26,69.6,46,0.25,E_37,Operational,No Fault,Overload,2024-12-01,Preventive,No Fault,0,210,21,41,Clear Weather,36,36,16,Dependent,High,0,1
S_138,2024-01-06 17:00:00,117,0.7,27,81.9,47,0.3,E_38,Under Maintenance,No Fault,None,2024-12-01,Corrective,No Fault,0,220,22,42,Storm,37,37,17,Dependent,Medium,0,0
S_139,2024-01-06 18:00:00,118,0.8,28,94.4,48,0.35,E_39,Operational,Fault Detected,None,2024-12-01,Preventive,Fault Detected,8,230,23,43,Clear Weather,38,38,18,Independent,High,1,0
S_140,2024-01-06 19:00:00,119,0.9,29,107.1,49,0.4,E_40,Under Maintenance,No Fault,None,2024-12-01,Corrective,No Fault,0,240,24,44,Storm,39,39,19,Dependent,Medium,0,0
S_141,2024-01-06 20:00:00,110,0.5,20,55.0,40,0.2,E_41,Operational,No Fault,Overload,2024-12-01,Preventive,No Fault,0,150,20,40,Clear Weather,40,40,20,Dependent,High,0,1
S_142,2024-01-06 21:00:00,111,0.6,21,66.6,41,0.25,E_42,Under Maintenance,Fault Detected,None,2024-12-01,Corrective,No Fault,6,160,21,41,Storm,41,41,21,Independent,Medium,1,0
S_143,2024-01-06 22:00:00,112,0.7,22,78.4,42,0.3,E_43,Operational,No Fault,None,2024-12-01,Preventive,No Fault,0,170,22,42,Clear Weather,42,42,22,Dependent,High,0,0
S_144,2024-01-06 23:00:00,113,0.8,23,90.4,43,0.35,E_44,Under Maintenance,No Fault,None,2024-12-01,Corrective,No Fault,0,180,23,43,Storm,43,43,23,Dependent,Medium,0,0
S_145,2024-01-07 00:00:00,114,0.9,24,102.6,44,0.4,E_45,Operational,Fault Detected,Overload,2024-12-01,Preventive,Fault Detected,9,190,24,44,Clear Weather,44,44,24,Independent,High,1,1
S_146,2024-01-07 01:00:00,115,0.5,25,57.5,45,0.2,E_46,Under Maintenance,No Fault,Overheating,2024-12-01,Corrective,No Fault,0,200,20,40,Storm,45,45,25,Dependent,Medium,0,0
S_147,2024-01-07 02:00:00,116,0.6,26,69.6,46,0.25,E_47,Operational,No Fault,None,2024-12-01,Preventive,No Fault,0,210,21,41,Clear Weather,46,46,26,Dependent,High,0,0
S_148,2024-01-07 03:00:00,117,0.7,27,81.9,47,0.3,E_48,Under Maintenance,Fault Detected,None,2024-12-01,Corrective,No Fault,7,220,22,42,Storm,47,47,27,Independent,Medium,1,0
S_149,2024-01-07 04:00:00,118,0.8,28,94.4,48,0.35,E_49,Operational,No Fault,Overload,2024-12-01,Preventive,No Fault,0,230,23,43,Clear Weather,48,48,28,Dependent,High,0,1
S_150,2024-01-07 05:00:00,119,0.9,29,107.1,49,0.4,E_50,Under Maintenance,No Fault,None,2024-12-01,Corrective,No Fault,0,240,24,44,Storm,49,49,29,Dependent,Medium,0,0
S_151,2024-01-07 06:00:00,110,0.5,20,55.0,40,0.2,E_1,Operational,Fault Detected,Overheating,2024-12-01,Preventive,Fault Detected,5,150,20,40,Clear Weather,50,0,0,Independent,High,1,0
S_152,2024-01-07 07:00:00,111,0.6,21,66.6,41,0.25,E_2,Under Maintenance,No Fault,None,2024-12-01,Corrective,No Fault,0,160,21,41,Storm,51,1,1,Dependent,Medium,0,0
S_153,2024-01-07 08:00:00,112,0.7,22,78.4,42,0.3,E_3,Operational,No Fault,Overload,2024-12-01,Preventive,No Fault,0,170,22,42,Clear Weather,52,2,2,Dependent,High,0,1
S_154,2024-01-07 09:00:00,113,0.8,23,90.4,43,0.35,E_4,Under Maintenance,Fault Detected,None,2024-12-01,Corrective,No Fault,8,180,23,43,Storm,53,3,3,Independent,Medium,1,0
S_155,2024-01-07 10:00:00,114,0.9,24,102.6,44,0.4,E_5,Operational,No Fault,None,2024-12-01,Preventive,No Fault,0,190,24,44,Clear Weather,54,4,4,Dependent,High,0,0
S_156,2024-01-07 11:00:00,115,0.5,25,57.5,45,0.2,E_6,Under Maintenance,No Fault,Overheating,2024-12-01,Corrective,No Fault,0,200,20,40,Storm,55,5,5,Dependent,Medium,0,0
S_157,2024-01-07 12:00:00,116,0.6,26,69.6,46,0.25,E_7,Operational,Fault Detected,Overload,2024-12-01,Preventive,Fault Detected,6,210,21,41,Clear Weather,56,6,6,Independent,High,1,1
S_158,2024-01-07 13:00:00,117,0.7,27,81.9,47,0.3,E_8,Under Maintenance,No Fault,None,2024-12-01,Corrective,No Fault,0,220,22,42,Storm,57,7,7,Dependent,Medium,0,0
S_159,2024-01-07 14:00:00,118,0.8,28,94.4,48,0.35,E_9,Operational,No Fault,None,2024-12-01,Preventive,No Fault,0,230,23,43,Clear Weather,58,8,8,Dependent,High,0,0
S_160,2024-01-07 15:00:00,119,0.9,29,107.1,49,0.4,E_10,Under Maintenance,Fault Detected,None,2024-12-01,Corrective,No Fault,9,240,24,44,Storm,59,9,9,Independent,Medium,1,0
S_161,2024-01-07 16:00:00,110,0.5,20,55.0,40,0.2,E_11,Operational,No Fault,Overload,2024-12-01,Preventive,No Fault,0,150,20,40,Clear Weather,60,10,10,Dependent,High,0,1
S_162,2024-01-07 17:00:00,111,0.6,21,66.6,41,0.25,E_12,Under Maintenance,No Fault,None,2024-12-01,Corrective,No Fault,0,160,21,41,Storm,61,11,11,Dependent,Medium,0,0
S_163,2024-01-07 18:00:00,112,0.7,22,78.4,42,0.3,E_13,Operational,Fault Detected,None,2024-12-01,Preventive,Fault Detected,7,170,22,42,Clear Weather,62,12,12,Independent,High,1,0
S_164,2024-01-07 19:00:00,113,0.8,23,90.4,43,0.35,E_14,Under Maintenance,No Fault,None,2024-12-01,Corrective,No Fault,0,180,23,43,Storm,63,13,13,Dependent,Medium,0,0
S_165,2024-01-07 20:00:00,114,0.9,24,102.6,44,0.4,E_15,Operational,No Fault,Overload,2024-12-01,Preventive,No Fault,0,190,24,44,Clear Weather,64,14,14,Dependent,High,0,1
S_166,2024-01-07 21:00:00,115,0.5,25,57.5,45,0.2,E_16,Under Maintenance,Fault Detected,Overheating,2024-12-01,Corrective,No Fault,5,200,20,40,Storm,65,15,15,Independent,Medium,1,0
S_167,2024-01-07 22:00:00,116,0.6,26,69.6,46,0.25,E_17,Operational,No Fault,None,2024-12-01,Preventive,No Fault,0,210,21,41,Clear Weather,66,16,16,Dependent,High,0,0
S_168,2024-01-07 23:00:00,117,0.7,27,81.9,47,0.3,E_18,Under Maintenance,No Fault,None,2024-12-01,Corrective,No Fault,0,220,22,42,Storm,67,17,17,Dependent,Medium,0,0
S_169,2024-01-08 00:00:00,118,0.8,28,94.4,48,0.35,E_19,Operational,Fault Detected,Overload,2024-12-01,Preventive,Fault Detected,8,230,23,43,Clear Weather,68,18,18,Independent,High,1,1
S_170,2024-01-08 01:00:00,119,0.9,29,107.1,49,0.4,E_20,Under Maintenance,No Fault,None,2024-12-01,Corrective,No Fault,0,240,24,44,Storm,69,19,19,Dependent,Medium,0,0
S_171,2024-01-08 02:00:00,110,0.5,20,55.0,40,0.2,E_21,Operational,No Fault,Overheating,2024-12-01,Preventive,No Fault,0,150,20,40,Clear Weather,70,20,20,Dependent,High,0,0
S_172,2024-01-08 03:00:00,111,0.6,21,66.6,41,0.25,E_22,Under Maintenance,Fault Detected,None,2024-12-01,Corrective,No Fault,6,160,21,41,Storm,71,21,21,Independent,Medium,1,0
S_173,2024-01-08 04:00:00,112,0.7,22,78.4,42,0.3,E_23,Operational,No Fault,Overload,2024-12-01,Preventive,No Fault,0,170,22,42,Clear Weather,72,22,22,Dependent,High,0,1
S_174,2024-01-08 05:00:00,113,0.8,23,90.4,43,0.35,E_24,Under Maintenance,No Fault,None,2024-12-01,Corrective,No Fault,0,180,23,43,Storm,73,23,23,Dependent,Medium,0,0
S_175,2024-01-08 06:00:00,114,0.9,24,102.6,44,0.4,E_25,Operational,Fault Detected,None,2024-12-01,Preventive,Fault Detected,9,190,24,44,Clear Weather,74,24,24,Independent,High,1,0
S_176,2024-01-08 07:00:00,115,0.5,25,57.5,45,0.2,E_26,Under Maintenance,No Fault,Overheating,2024-12-01,Corrective,No Fault,0,200,20,40,Storm,75,25,25,Dependent,Medium,0,0
S_177,2024-01-08 08:00:00,116,0.6,26,69.6,46,0.25,E_27,Operational,No Fault,Overload,2024-12-01,Preventive,No Fault,0,210,21,41,Clear Weather,76,26,26,Dependent,High,0,1
S_178,2024-01-08 09:00:00,117,0.7,27,81.9,47,0.3,E_28,Under Maintenance,Fault Detected,None,2024-12-01,Corrective,No Fault,7,220,22,42,Storm,77,27,27,Independent,Medium,1,0
S_179,2024-01-08 10:00:00,118,0.8,28,94.4,48,0.35,E_29,Operational,No Fault,None,2024-12-01,Preventive,No Fault,0,230,23,43,Clear Weather,78,28,28,Dependent,High,0,0
S_180,2024-01-08 11:00:00,119,0.9,29,107.1,49,0.4,E_30,Under Maintenance,No Fault,None,2024-12-01,Corrective,No Fault,0,240,24,44,Storm,79,29,29,Dependent,Medium,0,0
S_181,2024-01-08 12:00:00,110,0.5,20,55.0,40,0.2,E_31,Operational,Fault Detected,Overload,2024-12-01,Preventive,Fault Detected,5,150,20,40,Clear Weather,80,30,0,Independent,High,1,1
S_182,2024-01-08 13:00:00,111,0.6,21,66.6,41,0.25,E_32,Under Maintenance,No Fault,None,2024-12-01,Corrective,No Fault,0,160,21,41,Storm,81,31,1,Dependent,Medium,0,0
S_183,2024-01-08 14:00:00,112,0.7,22,78.4,42,0.3,E_33,Operational,No Fault,None,2024-12-01,Preventive,No Fault,0,170,22,42,Clear Weather,82,32,2,Dependent,High,0,0
S_184,2024-01-08 15:00:00,113,0.8,23,90.4,43,0.35,E_34,Under Maintenance,Fault Detected,None,2024-12-01,Corrective,No Fault,8,180,23,43,Storm,83,33,3,Independent,Medium,1,0
S_185,2024-01-08 16:00:00,114,0.9,24,102.6,44,0.4,E_35,Operational,No Fault,Overload,2024-12-01,Preventive,No Fault,0,190,24,44,Clear Weather,84,34,4,Dependent,High,0,1
S_186,2024-01-08 17:00:00,115,0.5,25,57.5,45,0.2,E_36,Under Maintenance,No Fault,Overheating,2024-12-01,Corrective,No Fault,0,200,20,40,Storm,85,35,5,Dependent,Medium,0,0
S_187,2024-01-08 18:00:00,116,0.6,26,69.6,46,0.25,E_37,Operational,Fault Detected,None,2024-12-01,Preventive,Fault Detected,6,210,21,41,Clear Weather,86,36,6,Independent,High,1,0
S_188,2024-01-08 19:00:00,117,0.7,27,81.9,47,0.3,E_38,Under Maintenance,No Fault,None,2024-12-01,Corrective,No Fault,0,220,22,42,Storm,87,37,7,Dependent,Medium,0,0
S_189,2024-01-08 20:00:00,118,0.8,28,94.4,48,0.35,E_39,Operational,No Fault,Overload,2024-12-01,Preventive,No Fault,0,230,23,43,Clear Weather,88,38,8,Dependent,High,0,1
S_190,2024-01-08 21:00:00,119,0.9,29,107.1,49,0.4,E_40,Under Maintenance,Fault Detected,None,2024-12-01,Corrective,No Fault,9,240,24,44,Storm,89,39,9,Independent,Medium,1,0
S_191,2024-01-08 22:00:00,110,0.5,20,55.0,40,0.2,E_41,Operational,No Fault,Overheating,2024-12-01,Preventive,No Fault,0,150,20,40,Clear Weather,90,40,10,Dependent,High,0,0
S_192,2024-01-08 23:00:00,111,0.6,21,66.6,41,0.25,E_42,Under Maintenance,No Fault,None,2024-12-01,Corrective,No Fault,0,160,21,41,Storm,91,41,11,Dependent,Medium,0,0
S_193,2024-01-09 00:00:00,112,0.7,22,78.4,42,0.3,E_43,Operational,Fault Detected,Overload,2024-12-01,Preventive,Fault Detected,7,170,22,42,Clear Weather,92,42,12,Independent,High,1,1
S_194,2024-01-09 01:00:00,113,0.8,23,90.4,43,0.35,E_44,Under Maintenance,No Fault,None,2024-12-01,Corrective,No Fault,0,180,23,43,Storm,93,43,13,Dependent,Medium,0,0
S_195,2024-01-09 02:00:00,114,0.9,24,102.6,44,0.4,E_45,Operational,No Fault,None,2024-12-01,Preventive,No Fault,0,190,24,44,Clear Weather,94,44,14,Dependent,High,0,0
S_196,2024-01-09 03:00:00,115,0.5,25,57.5,45,0.2,E_46,Under Maintenance,Fault Detected,Overheating,2024-12-01,Corrective,No Fault,5,200,20,40,Storm,95,45,15,Independent,Medium,1,0
S_197,2024-01-09 04:00:00,116,0.6,26,69.6,46,0.25,E_47,Operational,No Fault,Overload,2024-12-01,Preventive,No Fault,0,210,21,41,Clear Weather,96,46,16,Dependent,High,0,1
S_198,2024-01-09 05:00:00,117,0.7,27,81.9,47,0.3,E_48,Under Maintenance,No Fault,None,2024-12-01,Corrective,No Fault,0,220,22,42,Storm,97,47,17,Dependent,Medium,0,0
S_199,2024-01-09 06:00:00,118,0.8,28,94.4,48,0.35,E_49,Operational,Fault Detected,None,2024-12-01,Preventive,Fault Detected,8,230,23,43,Clear Weather,98,48,18,Independent,High,1,0
S_200,2024-01-09 07:00:00,119,0.9,29,107.1,49,0.4,E_50,Under Maintenance,No Fault,None,2024-12-01,Corrective,No Fault,0,240,24,44,Storm,99,49,19,Dependent,Medium,0,0
S_201,2024-01-09 08:00:00,110,0.5,20,55.0,40,0.2,E_1,Operational,No Fault,Overload,2024-12-01,Preventive,No Fault,0,150,20,40,Clear Weather,0,0,20,Dependent,High,0,1
S_202,2024-01-09 09:00:00,111,0.6,21,66.6,41,0.25,E_2,Under Maintenance,Fault Detected,None,2024-12-01,Corrective,No Fault,6,160,21,41,Storm,1,1,21,Independent,Medium,1,0
S_203,2024-01-09 10:00:00,112,0.7,22,78.4,42,0.3,E_3,Operational,No Fault,None,2024-12-01,Preventive,No Fault,0,170,22,42,Clear Weather,2,2,22,Dependent,High,0,0
S_204,2024-01-09 11:00:00,113,0.8,23,90.4,43,0.35,E_4,Under Maintenance,No Fault,None,2024-12-01,Corrective,No Fault,0,180,23,43,Storm,3,3,23,Dependent,Medium,0,0
S_205,2024-01-09 12:00:00,114,0.9,24,102.6,44,0.4,E_5,Operational,Fault Detected,Overload,2024-12-01,Preventive,Fault Detected,9,190,24,44,Clear Weather,4,4,24,Independent,High,1,1
S_206,2024-01-09 13:00:00,115,0.5,25,57.5,45,0.2,E_6,Under Maintenance,No Fault,Overheating,2024-12-01,Corrective,No Fault,0,200,20,40,Storm,5,5,25,Dependent,Medium,0,0
S_207,2024-01-09 14:00:00,116,0.6,26,69.6,46,0.25,E_7,Operational,No Fault,None,2024-12-01,Preventive,No Fault,0,210,21,41,Clear Weather,6,6,26,Dependent,High,0,0
S_208,2024-01-09 15:00:00,117,0.7,27,81.9,47,0.3,E_8,Under Maintenance,Fault Detected,None,2024-12-01,Corrective,No Fault,7,220,22,42,Storm,7,7,27,Independent,Medium,1,0
S_209,2024-01-09 16:00:00,118,0.8,28,94.4,48,0.35,E_9,Operational,No Fault,Overload,2024-12-01,Preventive,No Fault,0,230,23,43,Clear Weather,8,8,28,Dependent,High,0,1
S_210,2024-01-09 17:00:00,119,0.9,29,107.1,49,0.4,E_10,Under Maintenance,No Fault,None,2024-12-01,Corrective,No Fault,0,240,24,44,Storm,9,9,29,Dependent,Medium,0,0
S_211,2024-01-09 18:00:00,110,0.5,20,55.0,40,0.2,E_11,Operational,Fault Detected,Overheating,2024-12-01,Preventive,Fault Detected,5,150,20,40,Clear Weather,10,10,0,Independent,High,1,0
S_212,2024-01-09 19:00:00,111,0.6,21,66.6,41,0.25,E_12,Under Maintenance,No Fault,None,2024-12-01,Corrective,No Fault,0,160,21,41,Storm,11,11,1,Dependent,Medium,0,0
S_213,2024-01-09 20:00:00,112,0.7,22,78.4,42,0.3,E_13,Operational,No Fault,Overload,2024-12-01,Preventive,No Fault,0,170,22,42,Clear Weather,12,12,2,Dependent,High,0,1
S_214,2024-01-09 21:00:00,113,0.8,23,90.4,43,0.35,E_14,Under Maintenance,Fault Detected,None,2024-12-01,Corrective,No Fault,8,180,23,43,Storm,13,13,3,Independent,Medium,1,0
S_215,2024-01-09 22:00:00,114,0.9,24,102.6,44,0.4,E_15,Operational,No Fault,None,2024-12-01,Preventive,No Fault,0,190,24,44,Clear Weather,14,14,4,Dependent,High,0,0
S_216,2024-01-09 23:00:00,115,0.5,25,57.5,45,0.2,E_16,Under Maintenance,No Fault,Overheating,2024-12-01,Corrective,No Fault,0,200,20,40,Storm,15,15,5,Dependent,Medium,0,0
S_217,2024-01-10 00:00:00,116,0.6,26,69.6,46,0.25,E_17,Operational,Fault Detected,Overload,2024-12-01,Preventive,Fault Detected,6,210,21,41,Clear Weather,16,16,6,Independent,High,1,1
S_218,2024-01-10 01:00:00,117,0.7,27,81.9,47,0.3,E_18,Under Maintenance,No Fault,None,2024-12-01,Corrective,No Fault,0,220,22,42,Storm,17,17,7,Dependent,Medium,0,0
S_219,2024-01-10 02:00:00,118,0.8,28,94.4,48,0.35,E_19,Operational,No Fault,None,2024-12-01,Preventive,No Fault,0,230,23,43,Clear Weather,18,18,8,Dependent,High,0,0
S_220,2024-01-10 03:00:00,119,0.9,29,107.1,49,0.4,E_20,Under Maintenance,Fault Detected,None,2024-12-01,Corrective,No Fault,9,240,24,44,Storm,19,19,9,Independent,Medium,1,0
S_221,2024-01-10 04:00:00,110,0.5,20,55.0,40,0.2,E_21,Operational,No Fault,Overload,2024-12-01,Preventive,No Fault,0,150,20,40,Clear Weather,20,20,10,Dependent,High,0,1
S_222,2024-01-10 05:00:00,111,0.6,21,66.6,41,0.25,E_22,Under Maintenance,No Fault,None,2024-12-01,Corrective,No Fault,0,160,21,41,Storm,21,21,11,Dependent,Medium,0,0
S_223,2024-01-10 06:00:00,112,0.7,22,78.4,42,0.3,E_23,Operational,Fault Detected,None,2024-12-01,Preventive,Fault Detected,7,170,22,42,Clear Weather,22,22,12,Independent,High,1,0
S_224,2024-01-10 07:00:00,113,0.8,23,90.4,43,0.35,E_24,Under Maintenance,No Fault,None,2024-12-01,Corrective,No Fault,0,180,23,43,Storm,23,23,13,Dependent,Medium,0,0
S_225,2024-01-10 08:00:00,114,0.9,24,102.6,44,0.4,E_25,Operational,No Fault,Overload,2024-12-01,Preventive,No Fault,0,190,24,44,Clear Weather,24,24,14,Dependent,High,0,1
S_226,2024-01-10 09:00:00,115,0.5,25,57.5,45,0.2,E_26,Under Maintenance,Fault Detected,Overheating,2024-12-01,Corrective,No Fault,5,200,20,40,Storm,25,25,15,Independent,Medium,1,0
S_227,2024-01-10 10:00:00,116,0.6,26,69.6,46,0.25,E_27,Operational,No Fault,None,2024-12-01,Preventive,No Fault,0,210,21,41,Clear Weather,26,26,16,Dependent,High,0,0
S_228,2024-01-10 11:00:00,117,0.7,27,81.9,47,0.3,E_28,Under Maintenance,No Fault,None,2024-12-01,Corrective,No Fault,0,220,22,42,Storm,27,27,17,Dependent,Medium,0,0
S_229,2024-01-10 12:00:00,118,0.8,28,94.4,48,0.35,E_29,Operational,Fault Detected,Overload,2024-12-01,Preventive,Fault Detected,8,230,23,43,Clear Weather,28,28,18,Independent,High,1,1
S_230,2024-01-10 13:00:00,119,0.9,29,107.1,49,0.4,E_30,Under Maintenance,No Fault,None,2024-12-01,Corrective,No Fault,0,240,24,44,Storm,29,29,19,Dependent,Medium,0,0
S_231,2024-01-10 14:00:00,110,0.5,20,55.0,40,0.2,E_31,Operational,No Fault,Overheating,2024-12-01,Preventive,No Fault,0,150,20,40,Clear Weather,30,30,20,Dependent,High,0,0
S_232,2024-01-10 15:00:00,111,0.6,21,66.6,41,0.25,E_32,Under Maintenance,Fault Detected,None,2024-12-01,Corrective,No Fault,6,160,21,41,Storm,31,31,21,Independent,Medium,1,0
S_233,2024-01-10 16:00:00,112,0.7,22,78.4,42,0.3,E_33,Operational,No Fault,Overload,2024-12-01,Preventive,No Fault,0,170,22,42,Clear Weather,32,32,22,Dependent,High,0,1
S_234,2024-01-10 17:00:00,113,0.8,23,90.4,43,0.35,E_34,Under Maintenance,No Fault,None,2024-12-01,Corrective,No Fault,0,180,23,43,Storm,33,33,23,Dependent,Medium,0,0
S_235,2024-01-10 18:00:00,114,0.9,24,102.6,44,0.4,E_35,Operational,Fault Detected,None,2024-12-01,Preventive,Fault Detected,9,190,24,44,Clear Weather,34,34,24,Independent,High,1,0
S_236,2024-01-10 19:00:00,115,0.5,25,57.5,45,0.2,E_36,Under Maintenance,No Fault,Overheating,2024-12-01,Corrective,No Fault,0,200,20,40,Storm,35,35,25,Dependent,Medium,0,0
S_237,2024-01-10 20:00:00,116,0.6,26,69.6,46,0.25,E_37,Operational,No Fault,Overload,2024-12-01,Preventive,No Fault,0,210,21,41,Clear Weather,36,36,26,Dependent,High,0,1
S_238,2024-01-10 21:00:00,117,0.7,27,81.9,47,0.3,E_38,Under Maintenance,Fault Detected,None,2024-12-01,Corrective,No Fault,7,220,22,42,Storm,37,37,27,Independent,Medium,1,0
S_239,2024-01-10 22:00:00,118,0.8,28,94.4,48,0.35,E_39,Operational,No Fault,None,2024-12-01,Preventive,No Fault,0,230,23,43,Clear Weather,38,38,28,Dependent,High,0,0
S_240,2024-01-10 23:00:00,119,0.9,29,107.1,49,0.4,E_40,Under Maintenance,No Fault,None,2024-12-01,Corrective,No Fault,0,240,24,44,Storm,39,39,29,Dependent,Medium,0,0
S_241,2024-01-11 00:00:00,110,0.5,20,55.0,40,0.2,E_41,Operational,Fault Detected,Overload,2024-12-01,Preventive,Fault Detected,5,150,20,40,Clear Weather,40,40,0,Independent,High,1,1
S_242,2024-01-11 01:00:00,111,0.6,21,66.6,41,0.25,E_42,Under Maintenance,No Fault,None,2024-12-01,Corrective,No Fault,0,160,21,41,Storm,41,41,1,Dependent,Medium,0,0
S_243,2024-01-11 02:00:00,112,0.7,22,78.4,42,0.3,E_43,Operational,No Fault,None,2024-12-01,Preventive,No Fault,0,170,22,42,Clear Weather,42,42,2,Dependent,High,0,0
S_244,2024-01-11 03:00:00,113,0.8,23,90.4,43,0.35,E_44,Under Maintenance,Fault Detected,None,2024-12-01,Corrective,No Fault,8,180,23,43,Storm,43,43,3,Independent,Medium,1,0
S_245,2024-01-11 04:00:00,114,0.9,24,102.6,44,0.4,E_45,Operational,No Fault,Overload,2024-12-01,Preventive,No Fault,0,190,24,44,Clear Weather,44,44,4,Dependent,High,0,1
S_246,2024-01-11 05:00:00,115,0.5,25,57.5,45,0.2,E_46,Under Maintenance,No Fault,Overheating,2024-12-01,Corrective,No Fault,0,200,20,40,Storm,45,45,5,Dependent,Medium,0,0
S_247,2024-01-11 06:00:00,116,0.6,26,69.6,46,0.25,E_47,Operational,Fault Detected,None,2024-12-01,Preventive,Fault Detected,6,210,21,41,Clear Weather,46,46,6,Independent,High,1,0
S_248,2024-01-11 07:00:00,117,0.7,27,81.9,47,0.3,E_48,Under Maintenance,No Fault,None,2024-12-01,Corrective,No Fault,0,220,22,42,Storm,47,47,7,Dependent,Medium,0,0
S_249,2024-01-11 08:00:00,118,0.8,28,94.4,48,0.35,E_49,Operational,No Fault,Overload,2024-12-01,Preventive,No Fault,0,230,23,43,Clear Weather,48,48,8,Dependent,High,0,1
S_250,2024-01-11 09:00:00,119,0.9,29,107.1,49,0.4,E_50,Under Maintenance,Fault Detected,None,2024-12-01,Corrective,No Fault,9,240,24,44,Storm,49,49,9,Independent,Medium,1,0
S_251,2024-01-11 10:00:00,110,0.5,20,55.0,40,0.2,E_1,Operational,No Fault,Overheating,2024-12-01,Preventive,No Fault,0,150,20,40,Clear Weather,50,0,10,Dependent,High,0,0
S_252,2024-01-11 11:00:00,111,0.6,21,66.6,41,0.25,E_2,Under Maintenance,No Fault,None,2024-12-01,Corrective,No Fault,0,160,21,41,Storm,51,1,11,Dependent,Medium,0,0
S_253,2024-01-11 12:00:00,112,0.7,22,78.4,42,0.3,E_3,Operational,Fault Detected,Overload,2024-12-01,Preventive,Fault Detected,7,170,22,42,Clear Weather,52,2,12,Independent,High,1,1
S_254,2024-01-11 13:00:00,113,0.8,23,90.4,43,0.35,E_4,Under Maintenance,No Fault,None,2024-12-01,Corrective,No Fault,0,180,23,43,Storm,53,3,13,Dependent,Medium,0,0
S_255,2024-01-11 14:00:00,114,0.9,24,102.6,44,0.4,E_5,Operational,No Fault,None,2024-12-01,Preventive,No Fault,0,190,24,44,Clear Weather,54,4,14,Dependent,High,0,0
S_256,2024-01-11 15:00:00,115,0.5,25,57.5,45,0.2,E_6,Under Maintenance,Fault Detected,Overheating,2024-12-01,Corrective,No Fault,5,200,20,40,Storm,55,5,15,Independent,Medium,1,0
S_257,2024-01-11 16:00:00,116,0.6,26,69.6,46,0.25,E_7,Operational,No Fault,Overload,2024-12-01,Preventive,No Fault,0,210,21,41,Clear Weather,56,6,16,Dependent,High,0,1
S_258,2024-01-11 17:00:00,117,0.7,27,81.9,47,0.3,E_8,Under Maintenance,No Fault,None,2024-12-01,Corrective,No Fault,0,220,22,42,Storm,57,7,17,Dependent,Medium,0,0
S_259,2024-01-11 18:00:00,118,0.8,28,94.4,48,0.35,E_9,Operational,Fault Detected,None,2024-12-01,Preventive,Fault Detected,8,230,23,43,Clear Weather,58,8,18,Independent,High,1,0
S_260,2024-01-11 19:00:00,119,0.9,29,107.1,49,0.4,E_10,Under Maintenance,No Fault,None,2024-12-01,Corrective,No Fault,0,240,24,44,Storm,59,9,19,Dependent,Medium,0,0
S_261,2024-01-11 20:00:00,110,0.5,20,55.0,40,0.2,E_11,Operational,No Fault,Overload,2024-12-01,Preventive,No Fault,0,150,20,40,Clear Weather,60,10,20,Dependent,High,0,1
S_262,2024-01-11 21:00:00,111,0.6,21,66.6,41,0.25,E_12,Under Maintenance,Fault Detected,None,2024-12-01,Corrective,No Fault,6,160,21,41,Storm,61,11,21,Independent,Medium,1,0
S_263,2024-01-11 22:00:00,112,0.7,22,78.4,42,0.3,E_13,Operational,No Fault,None,2024-12-01,Preventive,No Fault,0,170,22,42,Clear Weather,62,12,22,Dependent,High,0,0
S_264,2024-01-11 23:00:00,113,0.8,23,90.4,43,0.35,E_14,Under Maintenance,No Fault,None,2024-12-01,Corrective,No Fault,0,180,23,43,Storm,63,13,23,Dependent,Medium,0,0
S_265,2024-01-12 00:00:00,114,0.9,24,102.6,44,0.4,E_15,Operational,Fault Detected,Overload,2024-12-01,Preventive,Fault Detected,9,190,24,44,Clear Weather,64,14,24,Independent,High,1,1
S_266,2024-01-12 01:00:00,115,0.5,25,57.5,45,0.2,E_16,Under Maintenance,No Fault,Overheating,2024-12-01,Corrective,No Fault,0,200,20,40,Storm,65,15,25,Dependent,Medium,0,0
S_267,2024-01-12 02:00:00,116,0.6,26,69.6,46,0.25,E_17,Operational,No Fault,None,2024-12-01,Preventive,No Fault,0,210,21,41,Clear Weather,66,16,26,Dependent,High,0,0
S_268,2024-01-12 03:00:00,117,0.7,27,81.9,47,0.3,E_18,Under Maintenance,Fault Detected,None,2024-12-01,Corrective,No Fault,7,220,22,42,Storm,67,17,27,Independent,Medium,1,0
S_269,2024-01-12 04:00:00,118,0.8,28,94.4,48,0.35,E_19,Operational,No Fault,Overload,2024-12-01,Preventive,No Fault,0,230,23,43,Clear Weather,68,18,28,Dependent,High,0,1
S_270,2024-01-12 05:00:00,119,0.9,29,107.1,49,0.4,E_20,Under Maintenance,No Fault,None,2024-12-01,Corrective,No Fault,0,240,24,44,Storm,69,19,29,Dependent,Medium,0,0
S_271,2024-01-12 06:00:00,110,0.5,20,55.0,40,0.2,E_21,Operational,Fault Detected,Overheating,2024-12-01,Preventive,Fault Detected,5,150,20,40,Clear Weather,70,20,0,Independent,High,1,0
S_272,2024-01-12 07:00:00,111,0.6,21,66.6,41,0.25,E_22,Under Maintenance,No Fault,None,2024-12-01,Corrective,No Fault,0,160,21,41,Storm,71,21,1,Dependent,Medium,0,0
S_273,2024-01-12 08:00:00,112,0.7,22,78.4,42,0.3,E_23,Operational,No Fault,Overload,2024-12-01,Preventive,No Fault,0,170,22,42,Clear Weather,72,22,2,Dependent,High,0,1
S_274,2024-01-12 09:00:00,113,0.8,23,90.4,43,0.35,E_24,Under Maintenance,Fault Detected,None,2024-12-01,Corrective,No Fault,8,180,23,43,Storm,73,23,3,Independent,Medium,1,0
S_275,2024-01-12 10:00:00,114,0.9,24,102.6,44,0.4,E_25,Operational,No Fault,None,2024-12-01,Preventive,No Fault,0,190,24,44,Clear Weather,74,24,4,Dependent,High,0,0
S_276,2024-01-12 11:00:00,115,0.5,25,57.5,45,0.2,E_26,Under Maintenance,No Fault,Overheating,2024-12-01,Corrective,No Fault,0,200,20,40,Storm,75,25,5,Dependent,Medium,0,0
S_277,2024-01-12 12:00:00,116,0.6,26,69.6,46,0.25,E_27,Operational,Fault Detected,Overload,2024-12-01,Preventive,Fault Detected,6,210,21,41,Clear Weather,76,26,6,Independent,High,1,1
S_278,2024-01-12 13:00:00,117,0.7,27,81.9,47,0.3,E_28,Under Maintenance,No Fault,None,2024-12-01,Corrective,No Fault,0,220,22,42,Storm,77,27,7,Dependent,Medium,0,0
S_279,2024-01-12 14:00:00,118,0.8,28,94.4,48,0.35,E_29,Operational,No Fault,None,2024-12-01,Preventive,No Fault,0,230,23,43,Clear Weather,78,28,8,Dependent,High,0,0
S_280,2024-01-12 15:00:00,119,0.9,29,107.1,49,0.4,E_30,Under Maintenance,Fault Detected,None,2024-12-01,Corrective,No Fault,9,240,24,44,Storm,79,29,9,Independent,Medium,1,0
S_281,2024-01-12 16:00:00,110,0.5,20,55.0,40,0.2,E_31,Operational,No Fault,Overload,2024-12-01,Preventive,No Fault,0,150,20,40,Clear Weather,80,30,10,Dependent,High,0,1
S_282,2024-01-12 17:00:00,111,0.6,21,66.6,41,0.25,E_32,Under Maintenance,No Fault,None,2024-12-01,Corrective,No Fault,0,160,21,41,Storm,81,31,11,Dependent,Medium,0,0
S_283,2024-01-12 18:00:00,112,0.7,22,78.4,42,0.3,E_33,Operational,Fault Detected,None,2024-12-01,Preventive,Fault Detected,7,170,22,42,Clear Weather,82,32,12,Independent,High,1,0
S_284,2024-01-12 19:00:00,113,0.8,23,90.4,43,0.35,E_34,Under Maintenance,No Fault,None,2024-12-01,Corrective,No Fault,0,180,23,43,Storm,83,33,13,Dependent,Medium,0,0
S_285,2024-01-12 20:00:00,114,0.9,24,102.6,44,0.4,E_35,Operational,No Fault,Overload,2024-12-01,Preventive,No Fault,0,190,24,44,Clear Weather,84,34,14,Dependent,High,0,1
S_286,2024-01-12 21:00:00,115,0.5,25,57.5,45,0.2,E_36,Under Maintenance,Fault Detected,Overheating,2024-12-01,Corrective,No Fault,5,200,20,40,Storm,85,35,15,Independent,Medium,1,0
S_287,2024-01-12 22:00:00,116,0.6,26,69.6,46,0.25,E_37,Operational,No Fault,None,2024-12-01,Preventive,No Fault,0,210,21,41,Clear Weather,86,36,16,Dependent,High,0,0
S_288,2024-01-12 23:00:00,117,0.7,27,81.9,47,0.3,E_38,Under Maintenance,No Fault,None,2024-12-01,Corrective,No Fault,0,220,22,42,Storm,87,37,17,Dependent,Medium,0,0
S_289,2024-01-13 00:00:00,118,0.8,28,94.4,48,0.35,E_39,Operational,Fault Detected,Overload,2024-12-01,Preventive,Fault Detected,8,230,23,43,Clear Weather,88,38,18,Independent,High,1,1
S_290,2024-01-13 01:00:00,119,0.9,29,107.1,49,0.4,E_40,Under Maintenance,No Fault,None,2024-12-01,Corrective,No Fault,0,240,24,44,Storm,89,39,19,Dependent,Medium,0,0
S_291,2024-01-13 02:00:00,110,0.5,20,55.0,40,0.2,E_41,Operational,No Fault,Overheating,2024-12-01,Preventive,No Fault,0,150,20,40,Clear Weather,90,40,20,Dependent,High,0,0
S_292,2024-01-13 03:00:00,111,0.6,21,66.6,41,0.25,E_42,Under Maintenance,Fault Detected,None,2024-12-01,Corrective,No Fault,6,160,21,41,Storm,91,41,21,Independent,Medium,1,0
S_293,2024-01-13 04:00:00,112,0.7,22,78.4,42,0.3,E_43,Operational,No Fault,Overload,2024-12-01,Preventive,No Fault,0,170,22,42,Clear Weather,92,42,22,Dependent,High,0,1
S_294,2024-01-13 05:00:00,113,0.8,23,90.4,43,0.35,E_44,Under Maintenance,No Fault,None,2024-12-01,Corrective,No Fault,0,180,23,43,Storm,93,43,23,Dependent,Medium,0,0
S_295,2024-01-13 06:00:00,114,0.9,24,102.6,44,0.4,E_45,Operational,Fault Detected,None,2024-12-01,Preventive,Fault Detected,9,190,24,44,Clear Weather,94,44,24,Independent,High,1,0
S_296,2024-01-13 07:00:00,115,0.5,25,57.5,45,0.2,E_46,Under Maintenance,No Fault,Overheating,2024-12-01,Corrective,No Fault,0,200,20,40,Storm,95,45,25,Dependent,Medium,0,0
S_297,2024-01-13 08:00:00,116,0.6,26,69.6,46,0.25,E_47,Operational,No Fault,Overload,2024-12-01,Preventive,No Fault,0,210,21,41,Clear Weather,96,46,26,Dependent,High,0,1
S_298,2024-01-13 09:00:00,117,0.7,27,81.9,47,0.3,E_48,Under Maintenance,Fault Detected,None,2024-12-01,Corrective,No Fault,7,220,22,42,Storm,97,47,27,Independent,Medium,1,0
S_299,2024-01-13 10:00:00,118,0.8,28,94.4,48,0.35,E_49,Operational,No Fault,None,2024-12-01,Preventive,No Fault,0,230,23,43,Clear Weather,98,48,28,Dependent,High,0,0
S_300,2024-01-13 11:00:00,119,0.9,29,107.1,49,0.4,E_50,Under Maintenance,No Fault,None,2024-12-01,Corrective,No Fault,0,240,24,44,Storm,99,49,29,Dependent,Medium,0,0
S_301,2024-01-13 12:00:00,110,0.5,20,55.0,40,0.2,E_1,Operational,Fault Detected,Overload,2024-12-01,Preventive,Fault Detected,5,150,20,40,Clear Weather,0,0,0,Independent,High,1,1
S_302,2024-01-13 13:00:00,111,0.6,21,66.6,41,0.25,E_2,Under Maintenance,No Fault,None,2024-12-01,Corrective,No Fault,0,160,21,41,Storm,1,1,1,Dependent,Medium,0,0
S_303,2024-01-13 14:00:00,112,0.7,22,78.4,42,0.3,E_3,Operational,No Fault,None,2024-12-01,Preventive,No Fault,0,170,22,42,Clear Weather,2,2,2,Dependent,High,0,0
S_304,2024-01-13 15:00:00,113,0.8,23,90.4,43,0.35,E_4,Under Maintenance,Fault Detected,None,2024-12-01,Corrective,No Fault,8,180,23,43,Storm,3,3,3,Independent,Medium,1,0
S_305,2024-01-13 16:00:00,114,0.9,24,102.6,44,0.4,E_5,Operational,No Fault,Overload,2024-12-01,Preventive,No Fault,0,190,24,44,Clear Weather,4,4,4,Dependent,High,0,1
S_306,2024-01-13 17:00:00,115,0.5,25,57.5,45,0.2,E_6,Under Maintenance,No Fault,Overheating,2024-12-01,Corrective,No Fault,0,200,20,40,Storm,5,5,5,Dependent,Medium,0,0
S_307,2024-01-13 18:00:00,116,0.6,26,69.6,46,0.25,E_7,Operational,Fault Detected,None,2024-12-01,Preventive,Fault Detected,6,210,21,41,Clear Weather,6,6,6,Independent,High,1,0
S_308,2024-01-13 19:00:00,117,0.7,27,81.9,47,0.3,E_8,Under Maintenance,No Fault,None,2024-12-01,Corrective,No Fault,0,220,22,42,Storm,7,7,7,Dependent,Medium,0,0
S_309,2024-01-13 20:00:00,118,0.8,28,94.4,48,0.35,E_9,Operational,No Fault,Overload,2024-12-01,Preventive,No Fault,0,230,23,43,Clear Weather,8,8,8,Dependent,High,0,1
S_310,2024-01-13 21:00:00,119,0.9,29,107.1,49,0.4,E_10,Under Maintenance,Fault Detected,None,2024-12-01,Corrective,No Fault,9,240,24,44,Storm,9,9,9,Independent,Medium,1,0
S_311,2024-01-13 22:00:00,110,0.5,20,55.0,40,0.2,E_11,Operational,No Fault,Overheating,2024-12-01,Preventive,No Fault,0,150,20,40,Clear Weather,10,10,10,Dependent,High,0,0
S_312,2024-01-13 23:00:00,111,0.6,21,66.6,41,0.25,E_12,Under Maintenance,No Fault,None,2024-12-01,Corrective,No Fault,0,160,21,41,Storm,11,11,11,Dependent,Medium,0,0
S_313,2024-01-14 00:00:00,112,0.7,22,78.4,42,0.3,E_13,Operational,Fault Detected,Overload,2024-12-01,Preventive,Fault Detected,7,170,22,42,Clear Weather,12,12,12,Independent,High,1,1
S_314,2024-01-14 01:00:00,113,0.8,23,90.4,43,0.35,E_14,Under Maintenance,No Fault,None,2024-12-01,Corrective,No Fault,0,180,23,43,Storm,13,13,13,Dependent,Medium,0,0
S_315,2024-01-14 02:00:00,114,0.9,24,102.6,44,0.4,E_15,Operational,No Fault,None,2024-12-01,Preventive,No Fault,0,190,24,44,Clear Weather,14,14,14,Dependent,High,0,0
S_316,2024-01-14 03:00:00,115,0.5,25,57.5,45,0.2,E_16,Under Maintenance,Fault Detected,Overheating,2024-12-01,Corrective,No Fault,5,200,20,40,Storm,15,15,15,Independent,Medium,1,0
S_317,2024-01-14 04:00:00,116,0.6,26,69.6,46,0.25,E_17,Operational,No Fault,Overload,2024-12-01,Preventive,No Fault,0,210,21,41,Clear Weather,16,16,16,Dependent,High,0,1
S_318,2024-01-14 05:00:00,117,0.7,27,81.9,47,0.3,E_18,Under Maintenance,No Fault,None,2024-12-01,Corrective,No Fault,0,220,22,42,Storm,17,17,17,Dependent,Medium,0,0
S_319,2024-01-14 06:00:00,118,0.8,28,94.4,48,0.35,E_19,Operational,Fault Detected,None,2024-12-01,Preventive,Fault Detected,8,230,23,43,Clear Weather,18,18,18,Independent,High,1,0
S_320,2024-01-14 07:00:00,119,0.9,29,107.1,49,0.4,E_20,Under Maintenance,No Fault,None,2024-12-01,Corrective,No Fault,0,240,24,44,Storm,19,19,19,Dependent,Medium,0,0
S_321,2024-01-14 08:00:00,110,0.5,20,55.0,40,0.2,E_21,Operational,No Fault,Overload,2024-12-01,Preventive,No Fault,0,150,20,40,Clear Weather,20,20,20,Dependent,High,0,1
S_322,2024-01-14 09:00:00,111,0.6,21,66.6,41,0.25,E_22,Under Maintenance,Fault Detected,None,2024-12-01,Corrective,No Fault,6,160,21,41,Storm,21,21,21,Independent,Medium,1,0
S_323,2024-01-14 10:00:00,112,0.7,22,78.4,42,0.3,E_23,Operational,No Fault,None,2024-12-01,Preventive,No Fault,0,170,22,42,Clear Weather,22,22,22,Dependent,High,0,0
S_324,2024-01-14 11:00:00,113,0.8,23,90.4,43,0.35,E_24,Under Maintenance,No Fault,None,2024-12-01,Corrective,No Fault,0,180,23,43,Storm,23,23,23,Dependent,Medium,0,0
S_325,2024-01-14 12:00:00,114,0.9,24,102.6,44,0.4,E_25,Operational,Fault Detected,Overload,2024-12-01,Preventive,Fault Detected,9,190,24,44,Clear Weather,24,24,24,Independent,High,1,1
S_326,2024-01-14 13:00:00,115,0.5,25,57.5,45,0.2,E_26,Under Maintenance,No Fault,Overheating,2024-12-01,Corrective,No Fault,0,200,20,40,Storm,25,25,25,Dependent,Medium,0,0
S_327,2024-01-14 14:00:00,116,0.6,26,69.6,46,0.25,E_27,Operational,No Fault,None,2024-12-01,Preventive,No Fault,0,210,21,41,Clear Weather,26,26,26,Dependent,High,0,0
S_328,2024-01-14 15:00:00,117,0.7,27,81.9,47,0.3,E_28,Under Maintenance,Fault Detected,None,2024-12-01,Corrective,No Fault,7,220,22,42,Storm,27,27,27,Independent,Medium,1,0
S_329,2024-01-14 16:00:00,118,0.8,28,94.4,48,0.35,E_29,Operational,No Fault,Overload,2024-12-01,Preventive,No Fault,0,230,23,43,Clear Weather,28,28,28,Dependent,High,0,1
S_330,2024-01-14 17:00:00,119,0.9,29,107.1,49,0.4,E_30,Under Maintenance,No Fault,None,2024-12-01,Corrective,No Fault,0,240,24,44,Storm,29,29,29,Dependent,Medium,0,0
S_331,2024-01-14 18:00:00,110,0.5,20,55.0,40,0.2,E_31,Operational,Fault Detected,Overheating,2024-12-01,Preventive,Fault Detected,5,150,20,40,Clear Weather,30,30,0,Independent,High,1,0
S_332,2024-01-14 19:00:00,111,0.6,21,66.6,41,0.25,E_32,Under Maintenance,No Fault,None,2024-12-01,Corrective,No Fault,0,160,21,41,Storm,31,31,1,Dependent,Medium,0,0
S_333,2024-01-14 20:00:00,112,0.7,22,78.4,42,0.3,E_33,Operational,No Fault,Overload,2024-12-01,Preventive,No Fault,0,170,22,42,Clear Weather,32,32,2,Dependent,High,0,1
S_334,2024-01-14 21:00:00,113,0.8,23,90.4,43,0.35,E_34,Under Maintenance,Fault Detected,None,2024-12-01,Corrective,No Fault,8,180,23,43,Storm,33,33,3,Independent,Medium,1,0
S_335,2024-01-14 22:00:00,114,0.9,24,102.6,44,0.4,E_35,Operational,No Fault,None,2024-12-01,Preventive,No Fault,0,190,24,44,Clear Weather,34,34,4,Dependent,High,0,0
S_336,2024-01-14 23:00:00,115,0.5,25,57.5,45,0.2,E_36,Under Maintenance,No Fault,Overheating,2024-12-01,Corrective,No Fault,0,200,20,40,Storm,35,35,5,Dependent,Medium,0,0
S_337,2024-01-15 00:00:00,116,0.6,26,69.6,46,0.25,E_37,Operational,Fault Detected,Overload,2024-12-01,Preventive,Fault Detected,6,210,21,41,Clear Weather,36,36,6,Independent,High,1,1
S_338,2024-01-15 01:00:00,117,0.7,27,81.9,47,0.3,E_38,Under Maintenance,No Fault,None,2024-12-01,Corrective,No Fault,0,220,22,42,Storm,37,37,7,Dependent,Medium,0,0
S_339,2024-01-15 02:00:00,118,0.8,28,94.4,48,0.35,E_39,Operational,No Fault,None,2024-12-01,Preventive,No Fault,0,230,23,43,Clear Weather,38,38,8,Dependent,High,0,0
S_340,2024-01-15 03:00:00,119,0.9,29,107.1,49,0.4,E_40,Under Maintenance,Fault Detected,None,2024-12-01,Corrective,No Fault,9,240,24,44,Storm,39,39,9,Independent,Medium,1,0
S_341,2024-01-15 04:00:00,110,0.5,20,55.0,40,0.2,E_41,Operational,No Fault,Overload,2024-12-01,Preventive,No Fault,0,150,20,40,Clear Weather,40,40,10,Dependent,High,0,1
S_342,2024-01-15 05:00:00,111,0.6,21,66.6,41,0.25,E_42,Under Maintenance,No Fault,None,2024-12-01,Corrective,No Fault,0,160,21,41,Storm,41,41,11,Dependent,Medium,0,0
S_343,2024-01-15 06:00:00,112,0.7,22,78.4,42,0.3,E_43,Operational,Fault Detected,None,2024-12-01,Preventive,Fault Detected,7,170,22,42,Clear Weather,42,42,12,Independent,High,1,0
S_344,2024-01-15 07:00:00,113,0.8,23,90.4,43,0.35,E_44,Under Maintenance,No Fault,None,2024-12-01,Corrective,No Fault,0,180,23,43,Storm,43,43,13,Dependent,Medium,0,0
S_345,2024-01-15 08:00:00,114,0.9,24,102.6,44,0.4,E_45,Operational,No Fault,Overload,2024-12-01,Preventive,No Fault,0,190,24,44,Clear Weather,44,44,14,Dependent,High,0,1
S_346,2024-01-15 09:00:00,115,0.5,25,57.5,45,0.2,E_46,Under Maintenance,Fault Detected,Overheating,2024-12-01,Corrective,No Fault,5,200,20,40,Storm,45,45,15,Independent,Medium,1,0
S_347,2024-01-15 10:00:00,116,0.6,26,69.6,46,0.25,E_47,Operational,No Fault,None,2024-12-01,Preventive,No Fault,0,210,21,41,Clear Weather,46,46,16,Dependent,High,0,0
S_348,2024-01-15 11:00:00,117,0.7,27,81.9,47,0.3,E_48,Under Maintenance,No Fault,None,2024-12-01,Corrective,No Fault,0,220,22,42,Storm,47,47,17,Dependent,Medium,0,0
S_349,2024-01-15 12:00:00,118,0.8,28,94.4,48,0.35,E_49,Operational,Fault Detected,Overload,2024-12-01,Preventive,Fault Detected,8,230,23,43,Clear Weather,48,48,18,Independent,High,1,1
S_350,2024-01-15 13:00:00,119,0.9,29,107.1,49,0.4,E_50,Under Maintenance,No Fault,None,2024-12-01,Corrective,No Fault,0,240,24,44,Storm,49,49,19,Dependent,Medium,0,0
S_351,2024-01-15 14:00:00,110,0.5,20,55.0,40,0.2,E_1,Operational,No Fault,Overheating,2024-12-01,Preventive,No Fault,0,150,20,40,Clear Weather,50,0,20,Dependent,High,0,0
S_352,2024-01-15 15:00:00,111,0.6,21,66.6,41,0.25,E_2,Under Maintenance,Fault Detected,None,2024-12-01,Corrective,No Fault,6,160,21,41,Storm,51,1,21,Independent,Medium,1,0
S_353,2024-01-15 16:00:00,112,0.7,22,78.4,42,0.3,E_3,Operational,No Fault,Overload,2024-12-01,Preventive,No Fault,0,170,22,42,Clear Weather,52,2,22,Dependent,High,0,1
S_354,2024-01-15 17:00:00,113,0.8,23,90.4,43,0.35,E_4,Under Maintenance,No Fault,None,2024-12-01,Corrective,No Fault,0,180,23,43,Storm,53,3,23,Dependent,Medium,0,0
S_355,2024-01-15 18:00:00,114,0.9,24,102.6,44,0.4,E_5,Operational,Fault Detected,None,2024-12-01,Preventive,Fault Detected,9,190,24,44,Clear Weather,54,4,24,Independent,High,1,0
S_356,2024-01-15 19:00:00,115,0.5,25,57.5,45,0.2,E_6,Under Maintenance,No Fault,Overheating,2024-12-01,Corrective,No Fault,0,200,20,40,Storm,55,5,25,Dependent,Medium,0,0
S_357,2024-01-15 20:00:00,116,0.6,26,69.6,46,0.25,E_7,Operational,No Fault,Overload,2024-12-01,Preventive,No Fault,0,210,21,41,Clear Weather,56,6,26,Dependent,High,0,1
S_358,2024-01-15 21:00:00,117,0.7,27,81.9,47,0.3,E_8,Under Maintenance,Fault Detected,None,2024-12-01,Corrective,No Fault,7,220,22,42,Storm,57,7,27,Independent,Medium,1,0
S_359,2024-01-15 22:00:00,118,0.8,28,94.4,48,0.35,E_9,Operational,No Fault,None,2024-12-01,Preventive,No Fault,0,230,23,43,Clear Weather,58,8,28,Dependent,High,0,0
S_360,2024-01-15 23:00:00,119,0.9,29,107.1,49,0.4,E_10,Under Maintenance,No Fault,None,2024-12-01,Corrective,No Fault,0,240,24,44,Storm,59,9,29,Dependent,Medium,0,0
S_361,2024-01-16 00:00:00,110,0.5,20,55.0,40,0.2,E_11,Operational,Fault Detected,Overload,2024-12-01,Preventive,Fault Detected,5,150,20,40,Clear Weather,60,10,0,Independent,High,1,1
S_362,2024-01-16 01:00:00,111,0.6,21,66.6,41,0.25,E_12,Under Maintenance,No Fault,None,2024-12-01,Corrective,No Fault,0,160,21,41,Storm,61,11,1,Dependent,Medium,0,0
S_363,2024-01-16 02:00:00,112,0.7,22,78.4,42,0.3,E_13,Operational,No Fault,None,2024-12-01,Preventive,No Fault,0,170,22,42,Clear Weather,62,12,2,Dependent,High,0,0
S_364,2024-01-16 03:00:00,113,0.8,23,90.4,43,0.35,E_14,Under Maintenance,Fault Detected,None,2024-12-01,Corrective,No Fault,8,180,23,43,Storm,63,13,3,Independent,Medium,1,0
S_365,2024-01-16 04:00:00,114,0.9,24,102.6,44,0.4,E_15,Operational,No Fault,Overload,2024-12-01,Preventive,No Fault,0,190,24,44,Clear Weather,64,14,4,Dependent,High,0,1
S_366,2024-01-16 05:00:00,115,0.5,25,57.5,45,0.2,E_16,Under Maintenance,No Fault,Overheating,2024-12-01,Corrective,No Fault,0,200,20,40,Storm,65,15,5,Dependent,Medium,0,0
S_367,2024-01-16 06:00:00,116,0.6,26,69.6,46,0.25,E_17,Operational,Fault Detected,None,2024-12-01,Preventive,Fault Detected,6,210,21,41,Clear Weather,66,16,6,Independent,High,1,0
S_368,2024-01-16 07:00:00,117,0.7,27,81.9,47,0.3,E_18,Under Maintenance,No Fault,None,2024-12-01,Corrective,No Fault,0,220,22,42,Storm,67,17,7,Dependent,Medium,0,0
S_369,2024-01-16 08:00:00,118,0.8,28,94.4,48,0.35,E_19,Operational,No Fault,Overload,2024-12-01,Preventive,No Fault,0,230,23,43,Clear Weather,68,18,8,Dependent,High,0,1
S_370,2024-01-16 09:00:00,119,0.9,29,107.1,49,0.4,E_20,Under Maintenance,Fault Detected,None,2024-12-01,Corrective,No Fault,9,240,24,44,Storm,69,19,9,Independent,Medium,1,0
S_371,2024-01-16 10:00:00,110,0.5,20,55.0,40,0.2,E_21,Operational,No Fault,Overheating,2024-12-01,Preventive,No Fault,0,150,20,40,Clear Weather,70,20,10,Dependent,High,0,0
S_372,2024-01-16 11:00:00,111,0.6,21,66.6,41,0.25,E_22,Under Maintenance,No Fault,None,2024-12-01,Corrective,No Fault,0,160,21,41,Storm,71,21,11,Dependent,Medium,0,0
S_373,2024-01-16 12:00:00,112,0.7,22,78.4,42,0.3,E_23,Operational,Fault Detected,Overload,2024-12-01,Preventive,Fault Detected,7,170,22,42,Clear Weather,72,22,12,Independent,High,1,1
S_374,2024-01-16 13:00:00,113,0.8,23,90.4,43,0.35,E_24,Under Maintenance,No Fault,None,2024-12-01,Corrective,No Fault,0,180,23,43,Storm,73,23,13,Dependent,Medium,0,0
S_375,2024-01-16 14:00:00,114,0.9,24,102.6,44,0.4,E_25,Operational,No Fault,None,2024-12-01,Preventive,No Fault,0,190,24,44,Clear Weather,74,24,14,Dependent,High,0,0
S_376,2024-01-16 15:00:00,115,0.5,25,57.5,45,0.2,E_26,Under Maintenance,Fault Detected,Overheating,2024-12-01,Corrective,No Fault,5,200,20,40,Storm,75,25,15,Independent,Medium,1,0
S_377,2024-01-16 16:00:00,116,0.6,26,69.6,46,0.25,E_27,Operational,No Fault,Overload,2024-12-01,Preventive,No Fault,0,210,21,41,Clear Weather,76,26,16,Dependent,High,0,1
S_378,2024-01-16 17:00:00,117,0.7,27,81.9,47,0.3,E_28,Under Maintenance,No Fault,None,2024-12-01,Corrective,No Fault,0,220,22,42,Storm,77,27,17,Dependent,Medium,0,0
S_379,2024-01-16 18:00:00,118,0.8,28,94.4,48,0.35,E_29,Operational,Fault Detected,None,2024-12-01,Preventive,Fault Detected,8,230,23,43,Clear Weather,78,28,18,Independent,High,1,0
S_380,2024-01-16 19:00:00,119,0.9,29,107.1,49,0.4,E_30,Under Maintenance,No Fault,None,2024-12-01,Corrective,No Fault,0,240,24,44,Storm,79,29,19,Dependent,Medium,0,0
S_381,2024-01-16 20:00:00,110,0.5,20,55.0,40,0.2,E_31,Operational,No Fault,Overload,2024-12-01,Preventive,No Fault,0,150,20,40,Clear Weather,80,30,20,Dependent,High,0,1
S_382,2024-01-16 21:00:00,111,0.6,21,66.6,41,0.25,E_32,Under Maintenance,Fault Detected,None,2024-12-01,Corrective,No Fault,6,160,21,41,Storm,81,31,21,Independent,Medium,1,0
S_383,2024-01-16 22:00:00,112,0.7,22,78.4,42,0.3,E_33,Operational,No Fault,None,2024-12-01,Preventive,No Fault,0,170,22,42,Clear Weather,82,32,22,Dependent,High,0,0
S_384,2024-01-16 23:00:00,113,0.8,23,90.4,43,0.35,E_34,Under Maintenance,No Fault,None,2024-12-01,Corrective,No Fault,0,180,23,43,Storm,83,33,23,Dependent,Medium,0,0
S_385,2024-01-17 00:00:00,114,0.9,24,102.6,44,0.4,E_35,Operational,Fault Detected,Overload,2024-12-01,Preventive,Fault Detected,9,190,24,44,Clear Weather,84,34,24,Independent,High,1,1
S_386,2024-01-17 01:00:00,115,0.5,25,57.5,45,0.2,E_36,Under Maintenance,No Fault,Overheating,2024-12-01,Corrective,No Fault,0,200,20,40,Storm,85,35,25,Dependent,Medium,0,0
S_387,2024-01-17 02:00:00,116,0.6,26,69.6,46,0.25,E_37,Operational,No Fault,None,2024-12-01,Preventive,No Fault,0,210,21,41,Clear Weather,86,36,26,Dependent,High,0,0
S_388,2024-01-17 03:00:00,117,0.7,27,81.9,47,0.3,E_38,Under Maintenance,Fault Detected,None,2024-12-01,Corrective,No Fault,7,220,22,42,Storm,87,37,27,Independent,Medium,1,0
S_389,2024-01-17 04:00:00,118,0.8,28,94.4,48,0.35,E_39,Operational,No Fault,Overload,2024-12-01,Preventive,No Fault,0,230,23,43,Clear Weather,88,38,28,Dependent,High,0,1
S_390,2024-01-17 05:00:00,119,0.9,29,107.1,49,0.4,E_40,Under Maintenance,No Fault,None,2024-12-01,Corrective,No Fault,0,240,24,44,Storm,89,39,29,Dependent,Medium,0,0
S_391,2024-01-17 06:00:00,110,0.5,20,55.0,40,0.2,E_41,Operational,Fault Detected,Overheating,2024-12-01,Preventive,Fault Detected,5,150,20,40,Clear Weather,90,40,0,Independent,High,1,0
S_392,2024-01-17 07:00:00,111,0.6,21,66.6,41,0.25,E_42,Under Maintenance,No Fault,None,2024-12-01,Corrective,No Fault,0,160,21,41,Storm,91,41,1,Dependent,Medium,0,0
S_393,2024-01-17 08:00:00,112,0.7,22,78.4,42,0.3,E_43,Operational,No Fault,Overload,2024-12-01,Preventive,No Fault,0,170,22,42,Clear Weather,92,42,2,Dependent,High,0,1
S_394,2024-01-17 09:00:00,113,0.8,23,90.4,43,0.35,E_44,Under Maintenance,Fault Detected,None,2024-12-01,Corrective,No Fault,8,180,23,43,Storm,93,43,3,Independent,Medium,1,0
S_395,2024-01-17 10:00:00,114,0.9,24,102.6,44,0.4,E_45,Operational,No Fault,None,2024-12-01,Preventive,No Fault,0,190,24,44,Clear Weather,94,44,4,Dependent,High,0,0
S_396,2024-01-17 11:00:00,115,0.5,25,57.5,45,0.2,E_46,Under Maintenance,No Fault,Overheating,2024-12-01,Corrective,No Fault,0,200,20,40,Storm,95,45,5,Dependent,Medium,0,0
S_397,2024-01-17 12:00:00,116,0.6,26,69.6,46,0.25,E_47,Operational,Fault Detected,Overload,2024-12-01,Preventive,Fault Detected,6,210,21,41,Clear Weather,96,46,6,Independent,High,1,1
S_398,2024-01-17 13:00:00,117,0.7,27,81.9,47,0.3,E_48,Under Maintenance,No Fault,None,2024-12-01,Corrective,No Fault,0,220,22,42,Storm,97,47,7,Dependent,Medium,0,0
S_399,2024-01-17 14:00:00,118,0.8,28,94.4,48,0.35,E_49,Operational,No Fault,None,2024-12-01,Preventive,No Fault,0,230,23,43,Clear Weather,98,48,8,Dependent,High,0,0
S_400,2024-01-17 15:00:00,119,0.9,29,107.1,49,0.4,E_50,Under Maintenance,Fault Detected,None,2024-12-01,Corrective,No Fault,9,240,24,44,Storm,99,49,9,Independent,Medium,1,0
S_401,2024-01-17 16:00:00,110,0.5,20,55.0,40,0.2,E_1,Operational,No Fault,Overload,2024-12-01,Preventive,No Fault,0,150,20,40,Clear Weather,0,0,10,Dependent,High,0,1
S_402,2024-01-17 17:00:00,111,0.6,21,66.6,41,0.25,E_2,Under Maintenance,No Fault,None,2024-12-01,Corrective,No Fault,0,160,21,41,Storm,1,1,11,Dependent,Medium,0,0
S_403,2024-01-17 18:00:00,112,0.7,22,78.4,42,0.3,E_3,Operational,Fault Detected,None,2024-12-01,Preventive,Fault Detected,7,170,22,42,Clear Weather,2,2,12,Independent,High,1,0
S_404,2024-01-17 19:00:00,113,0.8,23,90.4,43,0.35,E_4,Under Maintenance,No Fault,None,2024-12-01,Corrective,No Fault,0,180,23,43,Storm,3,3,13,Dependent,Medium,0,0
S_405,2024-01-17 20:00:00,114,0.9,24,102.6,44,0.4,E_5,Operational,No Fault,Overload,2024-12-01,Preventive,No Fault,0,190,24,44,Clear Weather,4,4,14,Dependent,High,0,1
S_406,2024-01-17 21:00:00,115,0.5,25,57.5,45,0.2,E_6,Under Maintenance,Fault Detected,Overheating,2024-12-01,Corrective,No Fault,5,200,20,40,Storm,5,5,15,Independent,Medium,1,0
S_407,2024-01-17 22:00:00,116,0.6,26,69.6,46,0.25,E_7,Operational,No Fault,None,2024-12-01,Preventive,No Fault,0,210,21,41,Clear Weather,6,6,16,Dependent,High,0,0
S_408,2024-01-17 23:00:00,117,0.7,27,81.9,47,0.3,E_8,Under Maintenance,No Fault,None,2024-12-01,Corrective,No Fault,0,220,22,42,Storm,7,7,17,Dependent,Medium,0,0
S_409,2024-01-18 00:00:00,118,0.8,28,94.4,48,0.35,E_9,Operational,Fault Detected,Overload,2024-12-01,Preventive,Fault Detected,8,230,23,43,Clear Weather,8,8,18,Independent,High,1,1
S_410,2024-01-18 01:00:00,119,0.9,29,107.1,49,0.4,E_10,Under Maintenance,No Fault,None,2024-12-01,Corrective,No Fault,0,240,24,44,Storm,9,9,19,Dependent,Medium,0,0
S_411,2024-01-18 02:00:00,110,0.5,20,55.0,40,0.2,E_11,Operational,No Fault,Overheating,2024-12-01,Preventive,No Fault,0,150,20,40,Clear Weather,10,10,20,Dependent,High,0,0
S_412,2024-01-18 03:00:00,111,0.6,21,66.6,41,0.25,E_12,Under Maintenance,Fault Detected,None,2024-12-01,Corrective,No Fault,6,160,21,41,Storm,11,11,21,Independent,Medium,1,0
S_413,2024-01-18 04:00:00,112,0.7,22,78.4,42,0.3,E_13,Operational,No Fault,Overload,2024-12-01,Preventive,No Fault,0,170,22,42,Clear Weather,12,12,22,Dependent,High,0,1
S_414,2024-01-18 05:00:00,113,0.8,23,90.4,43,0.35,E_14,Under Maintenance,No Fault,None,2024-12-01,Corrective,No Fault,0,180,23,43,Storm,13,13,23,Dependent,Medium,0,0
S_415,2024-01-18 06:00:00,114,0.9,24,102.6,44,0.4,E_15,Operational,Fault Detected,None,2024-12-01,Preventive,Fault Detected,9,190,24,44,Clear Weather,14,14,24,Independent,High,1,0
S_416,2024-01-18 07:00:00,115,0.5,25,57.5,45,0.2,E_16,Under Maintenance,No Fault,Overheating,2024-12-01,Corrective,No Fault,0,200,20,40,Storm,15,15,25,Dependent,Medium,0,0
S_417,2024-01-18 08:00:00,116,0.6,26,69.6,46,0.25,E_17,Operational,No Fault,Overload,2024-12-01,Preventive,No Fault,0,210,21,41,Clear Weather,16,16,26,Dependent,High,0,1
S_418,2024-01-18 09:00:00,117,0.7,27,81.9,47,0.3,E_18,Under Maintenance,Fault Detected,None,2024-12-01,Corrective,No Fault,7,220,22,42,Storm,17,17,27,Independent,Medium,1,0
S_419,2024-01-18 10:00:00,118,0.8,28,94.4,48,0.35,E_19,Operational,No Fault,None,2024-12-01,Preventive,No Fault,0,230,23,43,Clear Weather,18,18,28,Dependent,High,0,0
S_420,2024-01-18 11:00:00,119,0.9,29,107.1,49,0.4,E_20,Under Maintenance,No Fault,None,2024-12-01,Corrective,No Fault,0,240,24,44,Storm,19,19,29,Dependent,Medium,0,0
S_421,2024-01-18 12:00:00,110,0.5,20,55.0,40,0.2,E_21,Operational,Fault Detected,Overload,2024-12-01,Preventive,Fault Detected,5,150,20,40,Clear Weather,20,20,0,Independent,High,1,1
S_422,2024-01-18 13:00:00,111,0.6,21,66.6,41,0.25,E_22,Under Maintenance,No Fault,None,2024-12-01,Corrective,No Fault,0,160,21,41,Storm,21,21,1,Dependent,Medium,0,0
S_423,2024-01-18 14:00:00,112,0.7,22,78.4,42,0.3,E_23,Operational,No Fault,None,2024-12-01,Preventive,No Fault,0,170,22,42,Clear Weather,22,22,2,Dependent,High,0,0
S_424,2024-01-18 15:00:00,113,0.8,23,90.4,43,0.35,E_24,Under Maintenance,Fault Detected,None,2024-12-01,Corrective,No Fault,8,180,23,43,Storm,23,23,3,Independent,Medium,1,0
S_425,2024-01-18 16:00:00,114,0.9,24,102.6,44,0.4,E_25,Operational,No Fault,Overload,2024-12-01,Preventive,No Fault,0,190,24,44,Clear Weather,24,24,4,Dependent,High,0,1
S_426,2024-01-18 17:00:00,115,0.5,25,57.5,45,0.2,E_26,Under Maintenance,No Fault,Overheating,2024-12-01,Corrective,No Fault,0,200,20,40,Storm,25,25,5,Dependent,Medium,0,0
S_427,2024-01-18 18:00:00,116,0.6,26,69.6,46,0.25,E_27,Operational,Fault Detected,None,2024-12-01,Preventive,Fault Detected,6,210,21,41,Clear Weather,26,26,6,Independent,High,1,0
S_428,2024-01-18 19:00:00,117,0.7,27,81.9,47,0.3,E_28,Under Maintenance,No Fault,None,2024-12-01,Corrective,No Fault,0,220,22,42,Storm,27,27,7,Dependent,Medium,0,0
S_429,2024-01-18 20:00:00,118,0.8,28,94.4,48,0.35,E_29,Operational,No Fault,Overload,2024-12-01,Preventive,No Fault,0,230,23,43,Clear Weather,28,28,8,Dependent,High,0,1
S_430,2024-01-18 21:00:00,119,0.9,29,107.1,49,0.4,E_30,Under Maintenance,Fault Detected,None,2024-12-01,Corrective,No Fault,9,240,24,44,Storm,29,29,9,Independent,Medium,1,0
S_431,2024-01-18 22:00:00,110,0.5,20,55.0,40,0.2,E_31,Operational,No Fault,Overheating,2024-12-01,Preventive,No Fault,0,150,20,40,Clear Weather,30,30,10,Dependent,High,0,0
S_432,2024-01-18 23:00:00,111,0.6,21,66.6,41,0.25,E_32,Under Maintenance,No Fault,None,2024-12-01,Corrective,No Fault,0,160,21,41,Storm,31,31,11,Dependent,Medium,0,0
S_433,2024-01-19 00:00:00,112,0.7,22,78.4,42,0.3,E_33,Operational,Fault Detected,Overload,2024-12-01,Preventive,Fault Detected,7,170,22,42,Clear Weather,32,32,12,Independent,High,1,1
S_434,2024-01-19 01:00:00,113,0.8,23,90.4,43,0.35,E_34,Under Maintenance,No Fault,None,2024-12-01,Corrective,No Fault,0,180,23,43,Storm,33,33,13,Dependent,Medium,0,0
S_435,2024-01-19 02:00:00,114,0.9,24,102.6,44,0.4,E_35,Operational,No Fault,None,2024-12-01,Preventive,No Fault,0,190,24,44,Clear Weather,34,34,14,Dependent,High,0,0
S_436,2024-01-19 03:00:00,115,0.5,25,57.5,45,0.2,E_36,Under Maintenance,Fault Detected,Overheating,2024-12-01,Corrective,No Fault,5,200,20,40,Storm,35,35,15,Independent,Medium,1,0
S_437,2024-01-19 04:00:00,116,0.6,26,69.6,46,0.25,E_37,Operational,No Fault,Overload,2024-12-01,Preventive,No Fault,0,210,21,41,Clear Weather,36,36,16,Dependent,High,0,1
S_438,2024-01-19 05:00:00,117,0.7,27,81.9,47,0.3,E_38,Under Maintenance,No Fault,None,2024-12-01,Corrective,No Fault,0,220,22,42,Storm,37,37,17,Dependent,Medium,0,0
S_439,2024-01-19 06:00:00,118,0.8,28,94.4,48,0.35,E_39,Operational,Fault Detected,None,2024-12-01,Preventive,Fault Detected,8,230,23,43,Clear Weather,38,38,18,Independent,High,1,0
S_440,2024-01-19 07:00:00,119,0.9,29,107.1,49,0.4,E_40,Under Maintenance,No Fault,None,2024-12-01,Corrective,No Fault,0,240,24,44,Storm,39,39,19,Dependent,Medium,0,0
S_441,2024-01-19 08:00:00,110,0.5,20,55.0,40,0.2,E_41,Operational,No Fault,Overload,2024-12-01,Preventive,No Fault,0,150,20,40,Clear Weather,40,40,20,Dependent,High,0,1
S_442,2024-01-19 09:00:00,111,0.6,21,66.6,41,0.25,E_42,Under Maintenance,Fault Detected,None,2024-12-01,Corrective,No Fault,6,160,21,41,Storm,41,41,21,Independent,Medium,1,0
S_443,2024-01-19 10:00:00,112,0.7,22,78.4,42,0.3,E_43,Operational,No Fault,None,2024-12-01,Preventive,No Fault,0,170,22,42,Clear Weather,42,42,22,Dependent,High,0,0
S_444,2024-01-19 11:00:00,113,0.8,23,90.4,43,0.35,E_44,Under Maintenance,No Fault,None,2024-12-01,Corrective,No Fault,0,180,23,43,Storm,43,43,23,Dependent,Medium,0,0
S_445,2024-01-19 12:00:00,114,0.9,24,102.6,44,0.4,E_45,Operational,Fault Detected,Overload,2024-12-01,Preventive,Fault Detected,9,190,24,44,Clear Weather,44,44,24,Independent,High,1,1
S_446,2024-01-19 13:00:00,115,0.5,25,57.5,45,0.2,E_46,Under Maintenance,No Fault,Overheating,2024-12-01,Corrective,No Fault,0,200,20,40,Storm,45,45,25,Dependent,Medium,0,0
S_447,2024-01-19 14:00:00,116,0.6,26,69.6,46,0.25,E_47,Operational,No Fault,None,2024-12-01,Preventive,No Fault,0,210,21,41,Clear Weather,46,46,26,Dependent,High,0,0
S_448,2024-01-19 15:00:00,117,0.7,27,81.9,47,0.3,E_48,Under Maintenance,Fault Detected,None,2024-12-01,Corrective,No Fault,7,220,22,42,Storm,47,47,27,Independent,Medium,1,0
S_449,2024-01-19 16:00:00,118,0.8,28,94.4,48,0.35,E_49,Operational,No Fault,Overload,2024-12-01,Preventive,No Fault,0,230,23,43,Clear Weather,48,48,28,Dependent,High,0,1
S_450,2024-01-19 17:00:00,119,0.9,29,107.1,49,0.4,E_50,Under Maintenance,No Fault,None,2024-12-01,Corrective,No Fault,0,240,24,44,Storm,49,49,29,Dependent,Medium,0,0
S_451,2024-01-19 18:00:00,110,0.5,20,55.0,40,0.2,E_1,Operational,Fault Detected,Overheating,2024-12-01,Preventive,Fault Detected,5,150,20,40,Clear Weather,50,0,0,Independent,High,1,0
S_452,2024-01-19 19:00:00,111,0.6,21,66.6,41,0.25,E_2,Under Maintenance,No Fault,None,2024-12-01,Corrective,No Fault,0,160,21,41,Storm,51,1,1,Dependent,Medium,0,0
S_453,2024-01-19 20:00:00,112,0.7,22,78.4,42,0.3,E_3,Operational,No Fault,Overload,2024-12-01,Preventive,No Fault,0,170,22,42,Clear Weather,52,2,2,Dependent,High,0,1
S_454,2024-01-19 21:00:00,113,0.8,23,90.4,43,0.35,E_4,Under Maintenance,Fault Detected,None,2024-12-01,Corrective,No Fault,8,180,23,43,Storm,53,3,3,Independent,Medium,1,0
S_455,2024-01-19 22:00:00,114,0.9,24,102.6,44,0.4,E_5,Operational,No Fault,None,2024-12-01,Preventive,No Fault,0,190,24,44,Clear Weather,54,4,4,Dependent,High,0,0
S_456,2024-01-19 23:00:00,115,0.5,25,57.5,45,0.2,E_6,Under Maintenance,No Fault,Overheating,2024-12-01,Corrective,No Fault,0,200,20,40,Storm,55,5,5,Dependent,Medium,0,0
S_457,2024-01-20 00:00:00,116,0.6,26,69.6,46,0.25,E_7,Operational,Fault Detected,Overload,2024-12-01,Preventive,Fault Detected,6,210,21,41,Clear Weather,56,6,6,Independent,High,1,1
S_458,2024-01-20 01:00:00,117,0.7,27,81.9,47,0.3,E_8,Under Maintenance,No Fault,None,2024-12-01,Corrective,No Fault,0,220,22,42,Storm,57,7,7,Dependent,Medium,0,0
S_459,2024-01-20 02:00:00,118,0.8,28,94.4,48,0.35,E_9,Operational,No Fault,None,2024-12-01,Preventive,No Fault,0,230,23,43,Clear Weather,58,8,8,Dependent,High,0,0
S_460,2024-01-20 03:00:00,119,0.9,29,107.1,49,0.4,E_10,Under Maintenance,Fault Detected,None,2024-12-01,Corrective,No Fault,9,240,24,44,Storm,59,9,9,Independent,Medium,1,0
S_461,2024-01-20 04:00:00,110,0.5,20,55.0,40,0.2,E_11,Operational,No Fault,Overload,2024-12-01,Preventive,No Fault,0,150,20,40,Clear Weather,60,10,10,Dependent,High,0,1
S_462,2024-01-20 05:00:00,111,0.6,21,66.6,41,0.25,E_12,Under Maintenance,No Fault,None,2024-12-01,Corrective,No Fault,0,160,21,41,Storm,61,11,11,Dependent,Medium,0,0
S_463,2024-01-20 06:00:00,112,0.7,22,78.4,42,0.3,E_13,Operational,Fault Detected,None,2024-12-01,Preventive,Fault Detected,7,170,22,42,Clear Weather,62,12,12,Independent,High,1,0
S_464,2024-01-20 07:00:00,113,0.8,23,90.4,43,0.35,E_14,Under Maintenance,No Fault,None,2024-12-01,Corrective,No Fault,0,180,23,43,Storm,63,13,13,Dependent,Medium,0,0
S_465,2024-01-20 08:00:00,114,0.9,24,102.6,44,0.4,E_15,Operational,No Fault,Overload,2024-12-01,Preventive,No Fault,0,190,24,44,Clear Weather,64,14,14,Dependent,High,0,1
S_466,2024-01-20 09:00:00,115,0.5,25,57.5,45,0.2,E_16,Under Maintenance,Fault Detected,Overheating,2024-12-01,Corrective,No Fault,5,200,20,40,Storm,65,15,15,Independent,Medium,1,0
S_467,2024-01-20 10:00:00,116,0.6,26,69.6,46,0.25,E_17,Operational,No Fault,None,2024-12-01,Preventive,No Fault,0,210,21,41,Clear Weather,66,16,16,Dependent,High,0,0
S_468,2024-01-20 11:00:00,117,0.7,27,81.9,47,0.3,E_18,Under Maintenance,No Fault,None,2024-12-01,Corrective,No Fault,0,220,22,42,Storm,67,17,17,Dependent,Medium,0,0
S_469,2024-01-20 12:00:00,118,0.8,28,94.4,48,0.35,E_19,Operational,Fault Detected,Overload,2024-12-01,Preventive,Fault Detected,8,230,23,43,Clear Weather,68,18,18,Independent,High,1,1
S_470,2024-01-20 13:00:00,119,0.9,29,107.1,49,0.4,E_20,Under Maintenance,No Fault,None,2024-12-01,Corrective,No Fault,0,240,24,44,Storm,69,19,19,Dependent,Medium,0,0
S_471,2024-01-20 14:00:00,110,0.5,20,55.0,40,0.2,E_21,Operational,No Fault,Overheating,2024-12-01,Preventive,No Fault,0,150,20,40,Clear Weather,70,20,20,Dependent,High,0,0
S_472,2024-01-20 15:00:00,111,0.6,21,66.6,41,0.25,E_22,Under Maintenance,Fault Detected,None,2024-12-01,Corrective,No Fault,6,160,21,41,Storm,71,21,21,Independent,Medium,1,0
S_473,2024-01-20 16:00:00,112,0.7,22,78.4,42,0.3,E_23,Operational,No Fault,Overload,2024-12-01,Preventive,No Fault,0,170,22,42,Clear Weather,72,22,22,Dependent,High,0,1
S_474,2024-01-20 17:00:00,113,0.8,23,90.4,43,0.35,E_24,Under Maintenance,No Fault,None,2024-12-01,Corrective,No Fault,0,180,23,43,Storm,73,23,23,Dependent,Medium,0,0
S_475,2024-01-20 18:00:00,114,0.9,24,102.6,44,0.4,E_25,Operational,Fault Detected,None,2024-12-01,Preventive,Fault Detected,9,190,24,44,Clear Weather,74,24,24,Independent,High,1,0
S_476,2024-01-20 19:00:00,115,0.5,25,57.5,45,0.2,E_26,Under Maintenance,No Fault,Overheating,2024-12-01,Corrective,No Fault,0,200,20,40,Storm,75,25,25,Dependent,Medium,0,0
S_477,2024-01-20 20:00:00,116,0.6,26,69.6,46,0.25,E_27,Operational,No Fault,Overload,2024-12-01,Preventive,No Fault,0,210,21,41,Clear Weather,76,26,26,Dependent,High,0,1
S_478,2024-01-20 21:00:00,117,0.7,27,81.9,47,0.3,E_28,Under Maintenance,Fault Detected,None,2024-12-01,Corrective,No Fault,7,220,22,42,Storm,77,27,27,Independent,Medium,1,0
S_479,2024-01-20 22:00:00,118,0.8,28,94.4,48,0.35,E_29,Operational,No Fault,None,2024-12-01,Preventive,No Fault,0,230,23,43,Clear Weather,78,28,28,Dependent,High,0,0
S_480,2024-01-20 23:00:00,119,0.9,29,107.1,49,0.4,E_30,Under Maintenance,No Fault,None,2024-12-01,Corrective,No Fault,0,240,24,44,Storm,79,29,29,Dependent,Medium,0,0
S_481,2024-01-21 00:00:00,110,0.5,20,55.0,40,0.2,E_31,Operational,Fault Detected,Overload,2024-12-01,Preventive,Fault Detected,5,150,20,40,Clear Weather,80,30,0,Independent,High,1,1
S_482,2024-01-21 01:00:00,111,0.6,21,66.6,41,0.25,E_32,Under Maintenance,No Fault,None,2024-12-01,Corrective,No Fault,0,160,21,41,Storm,81,31,1,Dependent,Medium,0,0
S_483,2024-01-21 02:00:00,112,0.7,22,78.4,42,0.3,E_33,Operational,No Fault,None,2024-12-01,Preventive,No Fault,0,170,22,42,Clear Weather,82,32,2,Dependent,High,0,0
S_484,2024-01-21 03:00:00,113,0.8,23,90.4,43,0.35,E_34,Under Maintenance,Fault Detected,None,2024-12-01,Corrective,No Fault,8,180,23,43,Storm,83,33,3,Independent,Medium,1,0
S_485,2024-01-21 04:00:00,114,0.9,24,102.6,44,0.4,E_35,Operational,No Fault,Overload,2024-12-01,Preventive,No Fault,0,190,24,44,Clear Weather,84,34,4,Dependent,High,0,1
S_486,2024-01-21 05:00:00,115,0.5,25,57.5,45,0.2,E_36,Under Maintenance,No Fault,Overheating,2024-12-01,Corrective,No Fault,0,200,20,40,Storm,85,35,5,Dependent,Medium,0,0
S_487,2024-01-21 06:00:00,116,0.6,26,69.6,46,0.25,E_37,Operational,Fault Detected,None,2024-12-01,Preventive,Fault Detected,6,210,21,41,Clear Weather,86,36,6,Independent,High,1,0
S_488,2024-01-21 07:00:00,117,0.7,27,81.9,47,0.3,E_38,Under Maintenance,No Fault,None,2024-12-01,Corrective,No Fault,0,220,22,42,Storm,87,37,7,Dependent,Medium,0,0
S_489,2024-01-21 08:00:00,118,0.8,28,94.4,48,0.35,E_39,Operational,No Fault,Overload,2024-12-01,Preventive,No Fault,0,230,23,43,Clear Weather,88,38,8,Dependent,High,0,1
S_490,2024-01-21 09:00:00,119,0.9,29,107.1,49,0.4,E_40,Under Maintenance,Fault Detected,None,2024-12-01,Corrective,No Fault,9,240,24,44,Storm,89,39,9,Independent,Medium,1,0
S_491,2024-01-21 10:00:00,110,0.5,20,55.0,40,0.2,E_41,Operational,No Fault,Overheating,2024-12-01,Preventive,No Fault,0,150,20,40,Clear Weather,90,40,10,Dependent,High,0,0
S_492,2024-01-21 11:00:00,111,0.6,21,66.6,41,0.25,E_42,Under Maintenance,No Fault,None,2024-12-01,Corrective,No Fault,0,160,21,41,Storm,91,41,11,Dependent,Medium,0,0
S_493,2024-01-21 12:00:00,112,0.7,22,78.4,42,0.3,E_43,Operational,Fault Detected,Overload,2024-12-01,Preventive,Fault Detected,7,170,22,42,Clear Weather,92,42,12,Independent,High,1,1
S_494,2024-01-21 13:00:00,113,0.8,23,90.4,43,0.35,E_44,Under Maintenance,No Fault,None,2024-12-01,Corrective,No Fault,0,180,23,43,Storm,93,43,13,Dependent,Medium,0,0
S_495,2024-01-21 14:00:00,114,0.9,24,102.6,44,0.4,E_45,Operational,No Fault,None,2024-12-01,Preventive,No Fault,0,190,24,44,Clear Weather,94,44,14,Dependent,High,0,0
S_496,2024-01-21 15:00:00,115,0.5,25,57.5,45,0.2,E_46,Under Maintenance,Fault Detected,Overheating,2024-12-01,Corrective,No Fault,5,200,20,40,Storm,95,45,15,Independent,Medium,1,0
S_497,2024-01-21 16:00:00,116,0.6,26,69.6,46,0.25,E_47,Operational,No Fault,Overload,2024-12-01,Preventive,No Fault,0,210,21,41,Clear Weather,96,46,16,Dependent,High,0,1
S_498,2024-01-21 17:00:00,117,0.7,27,81.9,47,0.3,E_48,Under Maintenance,No Fault,None,2024-12-01,Corrective,No Fault,0,220,22,42,Storm,97,47,17,Dependent,Medium,0,0
S_499,2024-01-21 18:00:00,118,0.8,28,94.4,48,0.35,E_49,Operational,Fault Detected,None,2024-12-01,Preventive,Fault Detected,8,230,23,43,Clear Weather,98,48,18,Independent,High,1,0
S_500,2024-01-21 19:00:00,119,0.9,29,107.1,49,0.4,E_50,Under Maintenance,No Fault,None,2024-12-01,Corrective,No Fault,0,240,24,44,Storm,99,49,19,Dependent,Medium,0,0
